CustomerID,TotalRevenue,Frequency,CustomerAgeDays,AvgOrderValue,CLV,CLV_Segment
12346.0,372.86,11,196,33.89636363636364,2436.018666666667,High Value
12347.0,1323.32,2,37,661.66,1632.0946666666666,Medium Value
12348.0,222.16,1,0,222.16,7.405333333333333,Low Value
12349.0,2671.14,3,181,890.38,16115.877999999999,VIP
12351.0,300.93,1,0,300.93,10.031,Low Value
12352.0,343.8,2,16,171.9,183.36,Medium Value
12353.0,317.76,1,0,317.76,10.591999999999999,Low Value
12355.0,488.21000000000004,1,0,488.21000000000004,16.273666666666667,Medium Value
12356.0,3562.25,3,44,1187.4166666666667,5224.633333333333,High Value
12357.0,12079.99,2,0,6039.995,402.66633333333334,Medium Value
12358.0,2719.01,3,356,906.3366666666667,32265.585333333336,VIP
12359.0,2563.36,6,308,427.2266666666667,26317.16266666667,VIP
12360.0,1590.83,5,276,318.166,14635.635999999999,VIP
12361.0,321.35,3,220,107.11666666666667,2356.5666666666666,High Value
12362.0,130.0,1,0,130.0,4.333333333333333,Low Value
12366.0,500.24,1,0,500.24,16.674666666666667,Medium Value
12368.0,917.6999999999999,1,0,917.6999999999999,30.589999999999996,Medium Value
12369.0,1791.15,3,228,597.0500000000001,13612.74,VIP
12370.0,774.62,3,44,258.20666666666665,1136.109333333333,Medium Value
12371.0,2179.42,3,235,726.4733333333334,17072.123333333333,VIP
12373.0,763.0500000000001,2,49,381.52500000000003,1246.315,Medium Value
12374.0,2246.29,3,166,748.7633333333333,12429.471333333333,VIP
12376.0,503.15,2,28,251.575,469.6066666666666,Medium Value
12377.0,1798.2,2,208,899.1,12467.52,VIP
12378.0,1407.7,1,0,1407.7,46.92333333333333,Medium Value
12379.0,767.98,2,112,383.99,2867.1253333333334,High Value
12380.0,6951.49,7,197,993.0699999999999,45648.117666666665,VIP
12385.0,1938.4,1,0,1938.4,64.61333333333333,Medium Value
12386.0,258.9,1,0,258.9,8.629999999999999,Low Value
12387.0,143.94,1,0,143.94,4.798,Low Value
12388.0,1120.45,2,136,560.225,5079.373333333333,High Value
12389.0,1433.33,3,253,477.77666666666664,12087.749666666667,High Value
12391.0,2312.53,5,198,462.50600000000003,15262.698,VIP
12392.0,234.75000000000003,1,0,234.75000000000003,7.825000000000001,Low Value
12393.0,816.85,2,46,408.425,1252.5033333333336,Medium Value
12395.0,2048.64,4,231,512.16,15774.528,VIP
12396.0,931.43,1,0,931.43,31.047666666666665,Medium Value
12399.0,853.65,3,259,284.55,7369.845,High Value
12400.0,205.25,1,0,205.25,6.841666666666667,Low Value
12402.0,1031.3,5,277,206.26,9522.336666666666,High Value
12403.0,591.6600000000001,1,0,591.6600000000001,19.722,Medium Value
12404.0,63.24,1,0,63.24,2.108,Low Value
12406.0,2975.06,3,297,991.6866666666666,29453.094,VIP
12408.0,1452.22,3,112,484.0733333333333,5421.6213333333335,High Value
12409.0,12346.619999999999,4,144,3086.6549999999997,59263.77599999999,VIP
12410.0,320.38,1,0,320.38,10.679333333333332,Low Value
12411.0,346.9,1,0,346.9,11.563333333333333,Low Value
12412.0,1370.05,3,137,456.68333333333334,6256.5616666666665,High Value
12413.0,241.35,1,0,241.35,8.045,Low Value
12414.0,390.0,3,0,130.0,13.0,Medium Value
12415.0,19543.84,7,152,2791.977142857143,99022.12266666666,VIP
12416.0,202.56,1,0,202.56,6.752,Low Value
12417.0,3167.81,11,323,287.9827272727273,34106.75433333334,VIP
12418.0,1352.62,3,216,450.8733333333333,9738.864,High Value
12419.0,503.01,2,27,251.505,452.709,Medium Value
12421.0,291.56,2,90,145.78,874.6800000000001,Medium Value
12422.0,4428.24,14,327,316.30285714285714,48267.816,VIP
12423.0,763.08,2,78,381.54,1984.0080000000003,Medium Value
12424.0,1579.07,2,125,789.535,6579.458333333334,High Value
12425.0,964.21,1,0,964.21,32.14033333333333,Medium Value
12426.0,762.48,1,0,762.48,25.416,Medium Value
12427.0,303.5,1,0,303.5,10.116666666666667,Low Value
12429.0,3735.51,5,180,747.1020000000001,22413.06,VIP
12431.0,4370.52,13,320,336.1938461538462,46618.880000000005,VIP
12433.0,7205.39,5,110,1441.078,26419.76333333333,VIP
12434.0,297.29,1,0,297.29,9.909666666666666,Low Value
12435.0,6096.04,4,340,1524.01,69088.45333333334,VIP
12437.0,7731.99,21,341,368.19,87886.953,VIP
12439.0,1158.18,2,43,579.09,1660.0580000000002,Medium Value
12440.0,859.2,2,255,429.6,7303.200000000001,High Value
12441.0,173.55,1,0,173.55,5.785,Low Value
12443.0,485.31,1,0,485.31,16.177,Medium Value
12445.0,301.58000000000004,1,0,301.58000000000004,10.052666666666667,Low Value
12449.0,768.6,2,28,384.3,717.36,Medium Value
12450.0,490.32,3,75,163.44,1225.8,Medium Value
12451.0,3634.36,3,66,1211.4533333333334,7995.592000000001,High Value
12454.0,13151.44,4,25,3287.86,10959.533333333335,High Value
12455.0,3413.09,4,276,853.2725,31400.428,VIP
12457.0,632.68,1,0,632.68,21.089333333333332,Medium Value
12458.0,830.09,2,60,415.045,1660.18,Medium Value
12459.0,454.36,1,0,454.36,15.145333333333333,Medium Value
12460.0,326.65,1,0,326.65,10.888333333333332,Low Value
12466.0,56.73,1,0,56.73,1.8909999999999998,Low Value
12467.0,132.8,1,0,132.8,4.426666666666667,Low Value
12468.0,2941.2,3,156,980.4,15294.24,VIP
12469.0,3070.54,2,14,1535.27,1432.9186666666667,Medium Value
12470.0,211.95,1,0,211.95,7.0649999999999995,Low Value
12471.0,20139.739999999998,49,358,411.01510204081626,240334.23066666664,VIP
12472.0,11308.48,13,356,869.8830769230769,134193.96266666666,VIP
12474.0,5048.66,13,288,388.35846153846154,48467.136,VIP
12475.0,426.26,1,0,426.26,14.208666666666666,Medium Value
12476.0,7298.99,12,105,608.2491666666666,25546.465,VIP
12477.0,7056.63,3,223,2352.21,52454.283,VIP
12480.0,2183.2200000000003,3,108,727.7400000000001,7859.5920000000015,High Value
12481.0,6765.07,6,241,1127.5116666666665,54346.06233333333,VIP
12482.0,23691.4,29,77,816.944827586207,60807.92666666667,VIP
12483.0,2635.6,11,298,239.6,26180.29333333333,VIP
12484.0,1828.43,6,197,304.73833333333334,12006.690333333334,High Value
12485.0,708.1,1,0,708.1,23.603333333333335,Medium Value
12486.0,1037.28,1,0,1037.28,34.576,Medium Value
12487.0,285.29999999999995,1,0,285.29999999999995,9.509999999999998,Low Value
12490.0,4405.71,11,360,400.5190909090909,52868.520000000004,VIP
12492.0,452.0,1,0,452.0,15.066666666666666,Medium Value
12494.0,626.77,3,210,208.92333333333332,4387.389999999999,High Value
12495.0,357.4,1,0,357.4,11.913333333333332,Low Value
12496.0,54.09,2,0,27.045,1.8030000000000002,Low Value
12497.0,5205.400000000001,2,244,2602.7000000000003,42337.253333333334,VIP
12499.0,393.72,1,0,393.72,13.124,Medium Value
12500.0,1697.39,8,238,212.17375,13465.960666666668,VIP
12503.0,1126.0,1,0,1126.0,37.53333333333333,Medium Value
12504.0,297.0,2,179,148.5,1772.1000000000001,Medium Value
12505.0,955.2,1,0,955.2,31.84,Medium Value
12507.0,539.25,1,0,539.25,17.975,Medium Value
12510.0,4195.45,7,276,599.35,38598.13999999999,VIP
12511.0,3084.02,1,0,3084.02,102.80066666666666,Medium Value
12514.0,580.08,1,0,580.08,19.336000000000002,Medium Value
12516.0,1336.56,2,168,668.28,7484.735999999999,High Value
12519.0,385.7,1,0,385.7,12.856666666666666,Medium Value
12523.0,2582.38,12,357,215.19833333333335,30730.322000000004,VIP
12524.0,6640.39,9,280,737.8211111111111,61976.97333333334,VIP
12525.0,973.73,3,149,324.57666666666665,4836.192333333333,High Value
12527.0,386.8,2,34,193.4,438.37333333333333,Medium Value
12529.0,316.48,1,0,316.48,10.549333333333333,Low Value
12530.0,2096.98,5,227,419.396,15867.148666666666,VIP
12531.0,1807.98,1,0,1807.98,60.266,Medium Value
12533.0,1367.89,2,110,683.945,5015.596666666667,High Value
12537.0,732.94,1,0,732.94,24.431333333333335,Medium Value
12538.0,276.5,1,0,276.5,9.216666666666667,Low Value
12539.0,5646.400000000001,3,265,1882.1333333333334,49876.53333333334,VIP
12540.0,8854.25,16,353,553.390625,104185.00833333335,VIP
12542.0,481.88,2,156,240.94,2505.776,High Value
12543.0,980.25,1,0,980.25,32.675,Medium Value
12547.0,175.78,1,0,175.78,5.859333333333334,Low Value
12549.0,1575.68,6,121,262.61333333333334,6355.242666666667,High Value
12553.0,916.47,2,37,458.235,1130.313,Medium Value
12554.0,468.5,1,0,468.5,15.616666666666667,Medium Value
12555.0,129.23,1,0,129.23,4.307666666666666,Low Value
12557.0,6725.18,4,351,1681.295,78684.606,VIP
12562.0,1185.18,2,49,592.59,1935.794,Medium Value
12563.0,249.24,1,0,249.24,8.308,Low Value
12567.0,4308.58,7,299,615.5114285714286,42942.18066666667,VIP
12568.0,70.0,1,0,70.0,2.3333333333333335,Low Value
12570.0,77.52,1,0,77.52,2.5839999999999996,Low Value
12573.0,556.87,4,83,139.2175,1540.6736666666666,Medium Value
12575.0,622.8199999999999,2,69,311.40999999999997,1432.4859999999996,Medium Value
12576.0,826.89,3,133,275.63,3665.8790000000004,High Value
12577.0,995.9499999999999,5,354,199.19,11752.210000000001,High Value
12578.0,1847.94,2,58,923.97,3572.684,High Value
12580.0,637.2,1,0,637.2,21.240000000000002,Medium Value
12582.0,1469.04,2,155,734.52,7590.04,High Value
12583.0,7166.0599999999995,13,359,551.2353846153845,85753.85133333331,VIP
12586.0,1865.73,3,348,621.91,21642.468,VIP
12588.0,743.88,3,198,247.96,4909.607999999999,High Value
12589.0,4048.98,6,267,674.83,36035.922000000006,VIP
12591.0,899.3,2,18,449.65,539.5799999999999,Medium Value
12592.0,2145.06,3,0,715.02,71.502,Medium Value
12594.0,1751.89,5,267,350.37800000000004,15591.821000000004,VIP
12595.0,299.02,1,0,299.02,9.967333333333332,Low Value
12598.0,1511.01,3,185,503.67,9317.895,High Value
12599.0,1264.14,6,196,210.69000000000003,8259.048,High Value
12600.0,2444.88,12,360,203.74,29338.56,VIP
12601.0,104.19999999999999,1,0,104.19999999999999,3.4733333333333327,Low Value
12605.0,1232.95,4,81,308.2375,3328.965,High Value
12606.0,21.0,1,0,21.0,0.7,Low Value
12608.0,415.79,1,0,415.79,13.859666666666667,Medium Value
12609.0,2309.01,6,345,384.83500000000004,26553.615,VIP
12613.0,3490.69,5,337,698.138,39212.08433333333,VIP
12615.0,3449.79,4,217,862.4475,24953.481,VIP
12616.0,417.8,1,0,417.8,13.926666666666668,Medium Value
12619.0,140.14,1,0,140.14,4.671333333333333,Low Value
12621.0,11086.14,16,302,692.88375,111600.476,VIP
12623.0,3442.7400000000002,6,279,573.7900000000001,32017.482000000007,VIP
12625.0,2481.06,2,87,1240.53,7195.074,High Value
12629.0,1558.22,2,37,779.11,1921.804666666667,Medium Value
12631.0,2841.07,5,237,568.214,22444.453,VIP
12632.0,804.88,2,44,402.44,1180.4906666666666,Medium Value
12633.0,3514.18,3,143,1171.3933333333332,16750.924666666662,VIP
12634.0,490.0,2,12,245.0,196.0,Medium Value
12635.0,1241.23,2,64,620.615,2647.9573333333333,High Value
12636.0,141.0,1,0,141.0,4.7,Low Value
12637.0,2318.41,4,165,579.6025,12751.255,VIP
12638.0,249.8,1,0,249.8,8.326666666666666,Low Value
12639.0,826.27,2,193,413.135,5315.6703333333335,High Value
12643.0,5005.78,6,225,834.2966666666666,37543.35,VIP
12644.0,1440.58,3,263,480.1933333333333,12629.084666666668,VIP
12645.0,1764.12,4,259,441.03,15230.235999999999,VIP
12647.0,14201.53,27,327,525.9825925925926,154796.67700000003,VIP
12648.0,793.95,3,263,264.65000000000003,6960.295000000001,High Value
12649.0,1671.1399999999999,5,313,334.22799999999995,17435.560666666664,VIP
12651.0,263.75,3,86,87.91666666666667,756.0833333333334,Medium Value
12652.0,97.05000000000001,1,0,97.05000000000001,3.2350000000000003,Low Value
12653.0,1950.98,1,0,1950.98,65.03266666666667,Medium Value
12655.0,261.35,1,0,261.35,8.711666666666668,Low Value
12656.0,2356.66,3,137,785.5533333333333,10762.080666666665,High Value
12661.0,162.0,1,0,162.0,5.4,Low Value
12662.0,3138.2400000000002,10,244,313.824,25524.352,VIP
12663.0,239.4,2,43,119.7,343.14,Medium Value
12664.0,1188.16,2,212,594.08,8396.330666666667,High Value
12665.0,250.6,2,251,125.3,2096.686666666667,Medium Value
12666.0,1248.42,1,0,1248.42,41.614000000000004,Medium Value
12668.0,7637.53,6,298,1272.9216666666666,75866.13133333334,VIP
12670.0,764.24,2,280,382.12,7132.906666666667,High Value
12671.0,2622.481,1,0,2622.481,87.41603333333335,Medium Value
12672.0,211.15,1,0,211.15,7.038333333333333,Low Value
12673.0,619.5,1,0,619.5,20.65,Medium Value
12675.0,958.5,2,24,479.25,766.8000000000001,Medium Value
12676.0,1511.7,5,74,302.34000000000003,3728.860000000001,High Value
12677.0,395.1,2,111,197.55,1461.8700000000001,Medium Value
12678.0,16652.72,9,325,1850.3022222222223,180404.4666666667,VIP
12681.0,17080.74,24,358,711.6975000000001,203830.16400000002,VIP
12682.0,11745.69,23,373,510.6821739130435,146038.079,VIP
12683.0,4220.21,8,360,527.52625,50642.520000000004,VIP
12686.0,89.14,1,0,89.14,2.9713333333333334,Low Value
12687.0,2138.91,2,0,1069.455,71.297,Medium Value
12691.0,134.6,1,0,134.6,4.486666666666666,Low Value
12692.0,110.95,1,0,110.95,3.6983333333333333,Low Value
12693.0,847.11,3,126,282.37,3557.862,High Value
12694.0,973.68,1,0,973.68,32.455999999999996,Medium Value
12695.0,825.02,3,137,275.00666666666666,3767.591333333333,High Value
12696.0,851.91,2,74,425.955,2101.378,Medium Value
12698.0,339.75,1,0,339.75,11.325,Low Value
12699.0,638.11,1,0,638.11,21.270333333333333,Medium Value
12701.0,1648.7,4,104,412.175,5715.493333333334,High Value
12703.0,722.98,3,51,240.99333333333334,1229.066,Medium Value
12705.0,4893.81,5,150,978.7620000000001,24469.050000000003,VIP
12708.0,2601.19,9,353,289.0211111111111,30607.33566666667,VIP
12709.0,21356.82,20,363,1067.841,258417.522,VIP
12711.0,1339.05,2,65,669.525,2901.2749999999996,High Value
12712.0,2797.53,10,365,279.75300000000004,34036.615000000005,VIP
12714.0,9384.85,7,347,1340.6928571428573,108551.43166666667,VIP
12717.0,277.93,1,0,277.93,9.264333333333333,Low Value
12720.0,2478.94,6,137,413.1566666666667,11320.492666666667,High Value
12721.0,1356.95,2,86,678.475,3889.9233333333336,High Value
12724.0,1286.11,3,151,428.7033333333333,6473.420333333333,High Value
12725.0,2266.76,4,213,566.69,16093.996000000001,VIP
12726.0,1405.5,4,237,351.375,11103.45,High Value
12727.0,1698.8300000000002,3,212,566.2766666666668,12005.065333333336,High Value
12728.0,233.84,1,0,233.84,7.794666666666667,Low Value
12730.0,829.25,1,0,829.25,27.641666666666666,Medium Value
12731.0,6879.8,5,205,1375.96,47011.96666666667,VIP
12733.0,2040.92,3,300,680.3066666666667,20409.2,VIP
12734.0,529.25,2,17,264.625,299.9083333333333,Medium Value
12737.0,3710.5,2,0,1855.25,123.68333333333334,Medium Value
12738.0,155.35,1,0,155.35,5.178333333333333,Low Value
12739.0,1713.69,2,8,856.845,456.984,Medium Value
12741.0,406.07,2,3,203.035,40.607,Medium Value
12742.0,1201.52,1,0,1201.52,40.050666666666665,Medium Value
12744.0,4037.77,4,131,1009.4425,17631.595666666664,VIP
12745.0,925.41,3,195,308.46999999999997,6015.164999999999,High Value
12746.0,254.55,1,0,254.55,8.485,Low Value
12747.0,5080.53,16,363,317.533125,61474.41299999999,VIP
12748.0,22879.66,144,369,158.8865277777778,281419.818,VIP
12749.0,2806.48,4,121,701.62,11319.469333333333,High Value
12751.0,268.27,1,0,268.27,8.942333333333332,Low Value
12755.0,5218.709999999999,10,327,521.8709999999999,56883.93899999999,VIP
12758.0,7111.650000000001,5,278,1422.3300000000002,65901.29000000001,VIP
12759.0,3489.3,5,349,697.86,40592.19,VIP
12760.0,347.8,1,0,347.8,11.593333333333334,Low Value
12761.0,782.95,2,7,391.475,182.68833333333336,Medium Value
12763.0,320.08,1,0,320.08,10.669333333333332,Low Value
12765.0,1404.58,6,169,234.09666666666666,7912.467333333334,High Value
12766.0,3078.65,3,41,1026.2166666666667,4207.488333333334,High Value
12767.0,949.82,1,0,949.82,31.660666666666668,Medium Value
12768.0,168.69000000000003,1,0,168.69000000000003,5.623000000000001,Low Value
12770.0,1895.0,1,0,1895.0,63.166666666666664,Medium Value
12771.0,282.3,1,0,282.3,9.41,Low Value
12773.0,124.25,1,0,124.25,4.141666666666667,Low Value
12774.0,98.7,1,0,98.7,3.29,Low Value
12775.0,300.08,2,21,150.04,210.05599999999998,Medium Value
12776.0,55.5,1,0,55.5,1.8499999999999999,Low Value
12777.0,519.45,1,0,519.45,17.315,Medium Value
12778.0,953.45,3,206,317.81666666666666,6547.0233333333335,High Value
12779.0,2740.91,7,365,391.5585714285714,33347.73833333333,VIP
12780.0,337.4,1,0,337.4,11.246666666666666,Low Value
12782.0,2287.32,6,144,381.22,10979.136,High Value
12784.0,1230.33,1,0,1230.33,41.010999999999996,Medium Value
12785.0,788.45,2,195,394.225,5124.925,High Value
12786.0,728.5,1,0,728.5,24.28333333333333,Medium Value
12787.0,398.52,1,0,398.52,13.283999999999999,Medium Value
12788.0,444.9,4,65,111.225,963.9499999999999,Medium Value
12789.0,181.5,2,181,90.75,1095.05,Medium Value
12790.0,266.93,1,0,266.93,8.897666666666666,Low Value
12791.0,863.51,6,250,143.91833333333332,7195.916666666667,High Value
12792.0,426.47,1,0,426.47,14.215666666666667,Medium Value
12793.0,471.85,2,30,235.925,471.85,Medium Value
12796.0,381.0,1,0,381.0,12.7,Medium Value
12797.0,552.08,2,58,276.04,1067.3546666666668,Medium Value
12798.0,1533.8899999999999,1,0,1533.8899999999999,51.129666666666665,Medium Value
12799.0,219.35,1,0,219.35,7.3116666666666665,Low Value
12800.0,584.25,3,206,194.75,4011.85,High Value
12801.0,1071.82,1,0,1071.82,35.727333333333334,Medium Value
12802.0,1988.84,6,121,331.4733333333333,8021.654666666665,High Value
12803.0,1092.81,1,0,1092.81,36.427,Medium Value
12804.0,327.02,2,34,163.51,370.62266666666665,Medium Value
12805.0,1434.95,4,293,358.7375,14014.678333333335,VIP
12806.0,2878.96,4,153,719.74,14682.696,VIP
12807.0,330.35,1,0,330.35,11.011666666666667,Low Value
12808.0,422.45,3,94,140.81666666666666,1323.6766666666665,Medium Value
12809.0,1266.63,2,81,633.315,3419.9010000000003,High Value
12810.0,534.99,2,142,267.495,2532.286,High Value
12811.0,519.05,2,48,259.525,830.48,Medium Value
12813.0,1687.8,3,191,562.6,10745.66,High Value
12817.0,524.94,2,34,262.47,594.932,Medium Value
12819.0,540.52,1,0,540.52,18.017333333333333,Medium Value
12820.0,1747.18,7,337,249.59714285714287,19626.655333333332,VIP
12821.0,128.07999999999998,1,0,128.07999999999998,4.269333333333333,Low Value
12823.0,4742.0,13,284,364.7692307692308,44890.933333333334,VIP
12825.0,518.63,2,120,259.315,2074.52,Medium Value
12826.0,1481.03,6,356,246.83833333333334,17574.889333333333,VIP
12829.0,92.30000000000001,1,0,92.30000000000001,3.076666666666667,Low Value
12831.0,236.06,2,0,118.03,7.868666666666667,Low Value
12835.0,6043.31,41,308,147.3978048780488,62044.64933333334,VIP
12836.0,3972.76,11,349,361.16,46216.441333333336,VIP
12837.0,554.31,1,0,554.31,18.476999999999997,Medium Value
12838.0,2715.35,9,219,301.7055555555555,19822.054999999997,VIP
12839.0,4480.31,13,365,344.6392307692308,54510.43833333334,VIP
12840.0,1315.2,3,237,438.40000000000003,10390.08,High Value
12841.0,3518.33,17,149,206.96058823529413,17474.372333333333,VIP
12842.0,799.0,2,333,399.5,8868.9,High Value
12843.0,4886.15,22,344,222.09772727272727,56027.85333333333,VIP
12844.0,322.64,2,151,161.32,1623.9546666666665,Medium Value
12846.0,15.58,1,0,15.58,0.5193333333333333,Low Value
12847.0,765.36,1,0,765.36,25.512,Medium Value
12848.0,208.0,1,0,208.0,6.933333333333334,Low Value
12849.0,2039.67,4,209,509.9175,14209.701000000001,VIP
12850.0,330.0,1,0,330.0,11.0,Low Value
12851.0,148.95,1,0,148.95,4.965,Low Value
12853.0,1950.4,5,245,390.08000000000004,15928.266666666666,VIP
12854.0,1669.52,4,167,417.38,9293.661333333333,High Value
12855.0,612.84,4,29,153.21,592.412,Medium Value
12857.0,2581.6,4,247,645.4,21255.17333333333,VIP
12858.0,177.92,1,0,177.92,5.930666666666666,Low Value
12859.0,575.1,1,0,575.1,19.17,Medium Value
12860.0,55.47,1,0,55.47,1.849,Low Value
12861.0,68.25,1,0,68.25,2.275,Low Value
12862.0,1008.3199999999999,2,69,504.15999999999997,2319.1359999999995,Medium Value
12863.0,2271.35,5,210,454.27,15899.449999999999,VIP
12864.0,152.45,1,0,152.45,5.081666666666666,Low Value
12865.0,1755.24,2,98,877.62,5733.784,High Value
12866.0,668.23,2,28,334.115,623.6813333333333,Medium Value
12867.0,3876.47,6,325,646.0783333333333,41995.09166666666,VIP
12868.0,640.0,3,19,213.33333333333334,405.3333333333333,Medium Value
12869.0,337.66999999999996,1,0,337.66999999999996,11.255666666666665,Low Value
12870.0,1676.95,3,248,558.9833333333333,13862.786666666669,VIP
12871.0,363.38,1,0,363.38,12.112666666666666,Medium Value
12872.0,3085.52,11,370,280.5018181818182,38054.746666666666,VIP
12873.0,1653.3,2,284,826.65,15651.24,VIP
12874.0,948.42,2,169,474.21,5342.7660000000005,High Value
12875.0,1013.76,3,226,337.92,7636.992,High Value
12876.0,1863.77,2,195,931.885,12114.505,High Value
12877.0,1419.4,8,289,177.425,13673.553333333333,VIP
12880.0,640.13,2,192,320.065,4096.832,High Value
12887.0,222.4,1,0,222.4,7.413333333333333,Low Value
12889.0,385.46000000000004,4,121,96.36500000000001,1554.6886666666667,Medium Value
12890.0,336.8,1,0,336.8,11.226666666666667,Low Value
12891.0,509.5,8,201,63.6875,3413.65,High Value
12892.0,263.38,1,0,263.38,8.779333333333334,Low Value
12894.0,157.35,1,0,157.35,5.245,Low Value
12897.0,297.75,2,162,148.875,1607.8500000000001,Medium Value
12898.0,310.96000000000004,2,195,155.48000000000002,2021.2400000000002,Medium Value
12899.0,366.4,1,0,366.4,12.213333333333333,Medium Value
12900.0,340.33,1,0,340.33,11.344333333333333,Low Value
12903.0,833.53,1,0,833.53,27.784333333333333,Medium Value
12905.0,1018.42,2,105,509.21,3564.47,High Value
12907.0,508.91,2,98,254.455,1662.4393333333335,Medium Value
12908.0,1026.0,3,249,342.0,8515.800000000001,High Value
12909.0,924.52,3,228,308.17333333333335,7026.352,High Value
12910.0,2721.48,5,241,544.296,21862.556000000004,VIP
12911.0,1680.47,1,0,1680.47,56.01566666666667,Medium Value
12913.0,4217.2300000000005,9,370,468.58111111111117,52012.50333333334,VIP
12914.0,223.98,1,0,223.98,7.465999999999999,Low Value
12915.0,811.1,3,216,270.3666666666667,5839.92,High Value
12916.0,1647.87,3,242,549.29,13292.818,VIP
12917.0,3765.2,5,330,753.04,41417.2,VIP
12918.0,10953.5,1,0,10953.5,365.1166666666667,Medium Value
12920.0,323.86,3,153,107.95333333333333,1651.686,Medium Value
12921.0,19333.95,39,371,495.7423076923077,239096.515,VIP
12923.0,612.9,2,184,306.45,3759.12,High Value
12924.0,1535.7,8,337,191.9625,17251.03,VIP
12925.0,35.28,1,0,35.28,1.176,Low Value
12926.0,1548.46,4,314,387.115,16207.214666666667,VIP
12927.0,197.31,1,0,197.31,6.577,Low Value
12928.0,2242.19,7,171,320.3128571428571,12780.483,VIP
12931.0,50291.38,42,357,1197.4138095238095,598467.422,VIP
12932.0,1698.56,8,128,212.32,7247.189333333333,High Value
12933.0,1079.5,5,349,215.9,12558.183333333332,VIP
12934.0,181.65,1,0,181.65,6.055,Low Value
12935.0,2083.16,8,231,260.395,16040.331999999999,VIP
12937.0,1593.34,5,273,318.668,14499.394,VIP
12939.0,13683.0,12,317,1140.25,144583.69999999998,VIP
12941.0,377.49,1,0,377.49,12.583,Medium Value
12942.0,258.75,1,0,258.75,8.625,Low Value
12943.0,496.5,2,47,248.25,777.85,Medium Value
12945.0,437.16,1,0,437.16,14.572000000000001,Medium Value
12946.0,324.45,1,0,324.45,10.815,Low Value
12947.0,304.04,1,0,304.04,10.134666666666668,Low Value
12948.0,252.48000000000002,2,6,126.24000000000001,50.49600000000001,Medium Value
12949.0,11359.48,14,353,811.3914285714285,133663.21466666667,VIP
12951.0,2149.65,9,311,238.85000000000002,22284.705,VIP
12953.0,498.96000000000004,1,0,498.96000000000004,16.632,Medium Value
12954.0,162.45,1,0,162.45,5.414999999999999,Low Value
12956.0,413.82,3,39,137.94,537.966,Medium Value
12957.0,4689.43,5,186,937.8860000000001,29074.466000000004,VIP
12958.0,539.49,2,182,269.745,3272.906,High Value
12959.0,150.95,1,0,150.95,5.031666666666666,Low Value
12960.0,1322.07,4,247,330.5175,10885.042999999998,High Value
12961.0,211.99,1,0,211.99,7.066333333333334,Low Value
12963.0,1744.96,5,153,348.992,8899.296,High Value
12964.0,132.24,1,0,132.24,4.408,Low Value
12967.0,2646.02,2,11,1323.01,970.2073333333333,Medium Value
12969.0,122.45,1,0,122.45,4.081666666666667,Low Value
12970.0,1072.73,6,354,178.78833333333333,12658.214000000002,VIP
12971.0,4782.88,33,357,144.93575757575758,56916.272000000004,VIP
12972.0,1161.2,4,247,290.3,9560.546666666665,High Value
12973.0,385.55,1,0,385.55,12.851666666666667,Medium Value
12974.0,264.15,1,0,264.15,8.805,Low Value
12975.0,2100.09,6,296,350.01500000000004,20720.888000000003,VIP
12976.0,2417.7799999999997,7,286,345.3971428571428,23049.502666666664,VIP
12977.0,478.39,3,9,159.46333333333334,143.517,Medium Value
12978.0,2502.82,5,344,500.564,28699.002666666667,VIP
12979.0,517.7,1,0,517.7,17.256666666666668,Medium Value
12980.0,8870.880000000001,12,351,739.2400000000001,103789.296,VIP
12982.0,2354.27,7,211,336.32428571428574,16558.365666666665,VIP
12983.0,490.08000000000004,1,0,490.08000000000004,16.336000000000002,Medium Value
12986.0,2729.84,10,259,272.98400000000004,23567.618666666665,VIP
12987.0,753.51,3,268,251.17,6731.356,High Value
12989.0,6627.64,18,304,368.20222222222225,67160.08533333334,VIP
12990.0,546.0,4,201,136.5,3658.2000000000003,High Value
12991.0,261.06,1,0,261.06,8.702,Low Value
12992.0,93.35000000000001,1,0,93.35000000000001,3.111666666666667,Low Value
12993.0,844.87,4,214,211.2175,6026.739333333334,High Value
12996.0,355.5,1,0,355.5,11.85,Low Value
12997.0,884.02,4,218,221.005,6423.8786666666665,High Value
12998.0,920.08,3,160,306.6933333333333,4907.093333333332,High Value
13000.0,497.65000000000003,1,0,497.65000000000003,16.588333333333335,Medium Value
13001.0,14353.28,20,331,717.664,158364.52266666666,VIP
13002.0,293.18,2,18,146.59,175.908,Medium Value
13004.0,5994.94,18,338,333.0522222222222,67542.99066666666,VIP
13005.0,485.98,2,25,242.99,404.98333333333335,Medium Value
13007.0,175.25,1,0,175.25,5.841666666666667,Low Value
13008.0,382.66,2,325,191.33,4145.483333333334,High Value
13009.0,234.0,1,0,234.0,7.8,Low Value
13010.0,330.12,2,274,165.06,3015.096,High Value
13011.0,50.550000000000004,1,0,50.550000000000004,1.685,Low Value
13012.0,1310.99,3,162,436.99666666666667,7079.3460000000005,High Value
13013.0,7814.83,18,354,434.15722222222223,92214.994,VIP
13014.0,1914.8,1,0,1914.8,63.82666666666666,Medium Value
13015.0,3240.14,6,164,540.0233333333333,17712.765333333333,VIP
13018.0,2485.46,7,235,355.0657142857143,19469.436666666665,VIP
13019.0,1229.95,6,353,204.99166666666667,14472.411666666669,VIP
13020.0,618.96,2,97,309.48,2001.304,Medium Value
13021.0,2270.86,8,360,283.8575,27250.32,VIP
13022.0,65.3,1,0,65.3,2.1766666666666667,Low Value
13023.0,759.13,1,0,759.13,25.304333333333332,Medium Value
13024.0,555.87,2,111,277.935,2056.719,Medium Value
13025.0,323.39,1,0,323.39,10.779666666666666,Low Value
13026.0,757.72,4,237,189.43,5985.988,High Value
13027.0,10423.2,13,303,801.7846153846154,105274.32,VIP
13029.0,679.8,2,148,339.9,3353.68,High Value
13030.0,427.74,1,0,427.74,14.258000000000001,Medium Value
13031.0,3419.27,5,147,683.854,16754.423000000003,VIP
13032.0,1833.37,7,67,261.90999999999997,4094.5263333333332,High Value
13033.0,30.0,1,0,30.0,1.0,Low Value
13034.0,279.91,2,31,139.955,289.2403333333334,Medium Value
13035.0,442.32,1,0,442.32,14.744,Medium Value
13036.0,307.1,1,0,307.1,10.236666666666668,Low Value
13037.0,3033.88,9,336,337.09777777777776,33979.456,VIP
13039.0,1010.73,4,138,252.6825,4649.358,High Value
13041.0,799.13,4,139,199.7825,3702.635666666667,High Value
13042.0,1556.54,3,133,518.8466666666667,6900.660666666667,High Value
13044.0,4293.43,10,208,429.343,29767.781333333336,VIP
13045.0,503.64,2,84,251.82,1410.1919999999998,Medium Value
13046.0,319.94,1,0,319.94,10.664666666666667,Low Value
13047.0,5557.62,17,349,326.9188235294118,64653.64599999999,VIP
13048.0,2248.3,5,245,449.66,18361.11666666667,VIP
13049.0,751.5600000000001,2,11,375.78000000000003,275.572,Medium Value
13050.0,6507.67,19,357,342.50894736842105,77441.273,VIP
13051.0,155.8,2,40,77.9,207.73333333333335,Medium Value
13052.0,2820.38,6,234,470.06333333333333,21998.964,VIP
13053.0,127.65,1,0,127.65,4.255,Low Value
13055.0,1106.7,1,0,1106.7,36.89,Medium Value
13056.0,209.48,1,0,209.48,6.982666666666666,Low Value
13057.0,722.09,3,101,240.6966666666667,2431.0363333333335,High Value
13059.0,2119.77,9,205,235.53,14485.095,VIP
13063.0,188.4,1,0,188.4,6.28,Low Value
13064.0,561.25,2,41,280.625,767.0416666666666,Medium Value
13065.0,1055.05,5,174,211.01,6119.29,High Value
13067.0,393.05,2,36,196.525,471.65999999999997,Medium Value
13069.0,5247.01,16,173,327.938125,30257.75766666667,VIP
13070.0,522.9,3,272,174.29999999999998,4740.96,High Value
13071.0,129.22,1,0,129.22,4.307333333333333,Low Value
13073.0,418.08,2,26,209.04,362.336,Medium Value
13074.0,1378.74,4,212,344.685,9743.096,High Value
13076.0,135.4,1,0,135.4,4.513333333333334,Low Value
13077.0,2335.4,8,362,291.925,28180.493333333336,VIP
13078.0,16904.510000000002,32,372,528.2659375000001,209615.92400000003,VIP
13079.0,199.08,1,0,199.08,6.636,Low Value
13080.0,222.65,3,208,74.21666666666667,1543.7066666666667,Medium Value
13081.0,30867.77,19,360,1624.6194736842106,370413.24,VIP
13082.0,3722.12,12,292,310.1766666666667,36228.634666666665,VIP
13083.0,91.67999999999999,1,0,91.67999999999999,3.0559999999999996,Low Value
13084.0,122.39999999999999,1,0,122.39999999999999,4.08,Low Value
13085.0,2017.2,6,59,336.2,3967.1599999999994,High Value
13086.0,439.33000000000004,1,0,439.33000000000004,14.644333333333334,Medium Value
13087.0,313.64,1,0,313.64,10.454666666666666,Low Value
13088.0,236.11,1,0,236.11,7.870333333333334,Low Value
13089.0,57912.03,109,368,531.3030275229357,710387.5680000001,VIP
13090.0,5192.27,13,129,399.40538461538466,22326.761000000002,VIP
13091.0,1976.0,2,0,988.0,65.86666666666666,Medium Value
13092.0,1662.45,7,253,237.49285714285716,14019.995,VIP
13093.0,47111.18,48,362,981.4829166666667,568474.9053333333,VIP
13094.0,505.8,2,20,252.9,337.2,Medium Value
13096.0,419.70000000000005,1,0,419.70000000000005,13.990000000000002,Medium Value
13097.0,7378.8,18,349,409.93333333333334,85840.04,VIP
13101.0,594.21,3,182,198.07000000000002,3604.8740000000003,High Value
13102.0,5272.83,14,217,376.6307142857143,38140.137,VIP
13103.0,465.70000000000005,2,139,232.85000000000002,2157.743333333334,Medium Value
13104.0,610.62,3,237,203.54,4823.898,High Value
13105.0,72.0,1,0,72.0,2.4,Low Value
13106.0,526.96,1,0,526.96,17.565333333333335,Medium Value
13107.0,3721.45,5,259,744.29,32128.51833333333,VIP
13108.0,748.46,2,62,374.23,1546.8173333333336,Medium Value
13109.0,347.49,1,0,347.49,11.583,Low Value
13110.0,1468.8000000000002,5,301,293.76000000000005,14736.960000000001,VIP
13111.0,321.88000000000005,1,0,321.88000000000005,10.729333333333335,Low Value
13112.0,20.6,1,0,20.6,0.6866666666666668,Low Value
13113.0,6379.7699999999995,14,254,455.6978571428571,54015.386,VIP
13114.0,234.38,1,0,234.38,7.812666666666666,Low Value
13115.0,3199.92,6,220,533.32,23466.079999999998,VIP
13117.0,1658.8999999999999,12,258,138.24166666666665,14266.539999999995,VIP
13118.0,1217.6,4,62,304.4,2516.3733333333334,High Value
13119.0,134.9,1,0,134.9,4.496666666666667,Low Value
13123.0,506.75,2,56,253.375,945.9333333333334,Medium Value
13124.0,916.12,1,0,916.12,30.537333333333333,Medium Value
13125.0,158.57,1,0,158.57,5.285666666666667,Low Value
13126.0,1898.6100000000001,7,280,271.23,17720.36,VIP
13128.0,263.5,1,0,263.5,8.783333333333333,Low Value
13129.0,233.25,2,77,116.625,598.6750000000001,Medium Value
13131.0,2240.47,4,250,560.1175,18670.583333333332,VIP
13133.0,90.65,1,0,90.65,3.021666666666667,Low Value
13134.0,681.65,2,14,340.825,318.10333333333335,Medium Value
13135.0,275.45,1,0,275.45,9.181666666666667,Low Value
13136.0,3666.9500000000003,8,355,458.36875000000003,43392.24166666667,VIP
13137.0,4062.29,8,115,507.78625,15572.111666666668,VIP
13138.0,504.85,2,24,252.425,403.88000000000005,Medium Value
13139.0,3138.04,1,0,3138.04,104.60133333333333,Medium Value
13140.0,791.96,3,124,263.9866666666667,3273.434666666667,High Value
13141.0,5279.83,12,344,439.98583333333335,60542.05066666667,VIP
13143.0,405.1,1,0,405.1,13.503333333333334,Medium Value
13144.0,24.4,1,0,24.4,0.8133333333333332,Low Value
13145.0,805.0,4,227,201.25,6091.166666666666,High Value
13148.0,4914.6900000000005,14,343,351.04928571428576,56191.289000000004,VIP
13150.0,449.96999999999997,3,146,149.98999999999998,2189.8539999999994,Medium Value
13151.0,1322.8700000000001,2,1,661.4350000000001,44.09566666666667,Medium Value
13152.0,2146.38,7,277,306.6257142857143,19818.242,VIP
13154.0,1624.84,3,336,541.6133333333333,18198.208,VIP
13155.0,778.42,3,123,259.4733333333333,3191.521999999999,High Value
13156.0,1586.54,3,290,528.8466666666667,15336.553333333331,VIP
13157.0,3946.14,5,232,789.228,30516.816,VIP
13158.0,307.12,1,0,307.12,10.237333333333334,Low Value
13161.0,366.13,1,0,366.13,12.204333333333333,Medium Value
13162.0,7587.2,12,355,632.2666666666667,89781.86666666667,VIP
13163.0,17.65,1,0,17.65,0.5883333333333333,Low Value
13164.0,372.2,2,98,186.1,1215.8533333333332,Medium Value
13165.0,429.68,1,0,429.68,14.322666666666667,Medium Value
13166.0,466.98,1,0,466.98,15.566,Medium Value
13167.0,333.82,1,0,333.82,11.127333333333333,Low Value
13168.0,556.12,1,0,556.12,18.537333333333333,Medium Value
13169.0,127.2,1,0,127.2,4.24,Low Value
13172.0,69.6,1,0,69.6,2.32,Low Value
13173.0,2285.7,10,362,228.57,27580.78,VIP
13174.0,6677.81,10,366,667.7810000000001,81469.282,VIP
13175.0,831.45,2,153,415.725,4240.3949999999995,High Value
13177.0,229.75,1,0,229.75,7.658333333333333,Low Value
13178.0,8333.72,10,326,833.372,90559.75733333333,VIP
13179.0,572.3100000000001,1,0,572.3100000000001,19.077,Medium Value
13180.0,86.10000000000001,1,0,86.10000000000001,2.87,Low Value
13181.0,359.69,1,0,359.69,11.989666666666666,Low Value
13183.0,3078.4,6,241,513.0666666666667,24729.81333333334,VIP
13187.0,130.99,3,0,43.663333333333334,4.366333333333333,Low Value
13190.0,570.66,3,188,190.22,3576.136,High Value
13191.0,164.69,1,0,164.69,5.4896666666666665,Low Value
13192.0,1646.6399999999999,4,151,411.65999999999997,8288.088,High Value
13194.0,412.08,1,0,412.08,13.735999999999999,Medium Value
13195.0,172.38,1,0,172.38,5.7459999999999996,Low Value
13196.0,1271.06,3,174,423.68666666666667,7372.147999999999,High Value
13197.0,373.01000000000005,1,0,373.01000000000005,12.433666666666667,Medium Value
13198.0,1572.99,2,47,786.495,2464.351,High Value
13199.0,6615.77,30,368,220.5256666666667,81153.44533333335,VIP
13201.0,1240.6100000000001,4,140,310.15250000000003,5789.513333333334,High Value
13202.0,1580.3,7,336,225.75714285714284,17699.359999999997,VIP
13203.0,1778.79,6,335,296.465,19863.155,VIP
13204.0,966.6600000000001,1,0,966.6600000000001,32.222,Medium Value
13205.0,2803.2,1,0,2803.2,93.44,Medium Value
13206.0,8377.32,13,332,644.4092307692307,92709.008,VIP
13207.0,285.6,2,160,142.8,1523.2,Medium Value
13208.0,764.6,3,287,254.86666666666667,7314.673333333333,High Value
13209.0,2617.9,5,170,523.58,14834.766666666668,VIP
13211.0,1531.9,7,351,218.84285714285716,17923.23,VIP
13213.0,2330.94,6,184,388.49,14296.432,VIP
13214.0,3264.23,7,228,466.31857142857143,24808.147999999997,VIP
13215.0,81.6,1,0,81.6,2.7199999999999998,Low Value
13217.0,132.5,1,0,132.5,4.416666666666667,Low Value
13219.0,76.23,1,0,76.23,2.541,Low Value
13220.0,516.8,1,0,516.8,17.226666666666667,Medium Value
13222.0,88.5,1,0,88.5,2.95,Low Value
13223.0,805.9200000000001,4,241,201.48000000000002,6474.224,High Value
13225.0,9796.23,9,301,1088.47,98288.841,VIP
13226.0,204.25,1,0,204.25,6.808333333333334,Low Value
13230.0,3553.81,17,265,209.04764705882351,31391.988333333335,VIP
13233.0,571.34,2,273,285.67,5199.194,High Value
13234.0,356.95,2,59,178.475,702.0016666666666,Medium Value
13237.0,643.0,1,0,643.0,21.433333333333334,Medium Value
13238.0,305.9,2,159,152.95,1621.2699999999998,Medium Value
13239.0,1265.1299999999999,4,65,316.28249999999997,2741.115,High Value
13240.0,1074.87,5,286,214.974,10247.094,High Value
13241.0,115.58,1,0,115.58,3.8526666666666665,Low Value
13242.0,429.0,4,217,107.25,3103.1,High Value
13243.0,677.97,4,182,169.4925,4113.018,High Value
13245.0,558.72,1,0,558.72,18.624000000000002,Medium Value
13246.0,1400.1299999999999,5,131,280.02599999999995,6113.900999999998,High Value
13249.0,897.52,6,283,149.58666666666667,8466.605333333333,High Value
13250.0,256.04,2,41,128.02,349.9213333333334,Medium Value
13251.0,252.68,1,0,252.68,8.422666666666666,Low Value
13252.0,399.3,2,231,199.65,3074.61,High Value
13253.0,1920.71,2,273,960.355,17478.461,VIP
13254.0,51.410000000000004,1,0,51.410000000000004,1.7136666666666667,Low Value
13255.0,504.95,2,138,252.475,2322.77,Medium Value
13257.0,149.75,1,0,149.75,4.991666666666666,Low Value
13258.0,336.59999999999997,2,20,168.29999999999998,224.39999999999998,Medium Value
13259.0,1141.06,8,301,142.6325,11448.635333333332,High Value
13262.0,373.16,2,211,186.58,2624.558666666667,High Value
13263.0,1250.6200000000001,4,19,312.65500000000003,792.0593333333334,Medium Value
13264.0,722.5600000000001,1,0,722.5600000000001,24.085333333333335,Medium Value
13266.0,2300.78,7,309,328.6828571428572,23698.034000000003,VIP
13267.0,5236.77,18,365,290.9316666666667,63714.035,VIP
13269.0,3545.47,14,368,253.24785714285713,43491.098666666665,VIP
13270.0,590.0,1,0,590.0,19.666666666666668,Medium Value
13274.0,360.85,1,0,360.85,12.028333333333334,Low Value
13275.0,241.66,2,248,120.83,1997.7226666666668,Medium Value
13276.0,1348.33,3,245,449.4433333333333,11011.361666666666,High Value
13277.0,264.9,3,159,88.3,1403.9699999999998,Medium Value
13278.0,893.12,3,210,297.70666666666665,6251.839999999999,High Value
13280.0,1507.77,4,265,376.9425,13318.635,VIP
13281.0,350.85,1,0,350.85,11.695,Low Value
13282.0,181.05,1,0,181.05,6.035,Low Value
13283.0,279.7,2,72,139.85,671.28,Medium Value
13285.0,655.47,2,23,327.735,502.52700000000004,Medium Value
13286.0,734.91,1,0,734.91,24.497,Medium Value
13287.0,781.59,3,101,260.53000000000003,2631.3530000000005,High Value
13288.0,927.61,5,223,185.522,6895.234333333333,High Value
13289.0,307.95,1,0,307.95,10.264999999999999,Low Value
13290.0,208.63,1,0,208.63,6.9543333333333335,Low Value
13291.0,2959.73,10,252,295.973,24861.732,VIP
13292.0,415.57,3,110,138.52333333333334,1523.756666666667,Medium Value
13293.0,1192.94,6,276,198.82333333333335,10975.047999999999,High Value
13294.0,815.79,1,0,815.79,27.192999999999998,Medium Value
13295.0,900.77,3,200,300.25666666666666,6005.133333333333,High Value
13296.0,705.11,5,153,141.022,3596.0609999999992,High Value
13297.0,2278.77,3,157,759.59,11925.563,High Value
13299.0,1076.2,2,104,538.1,3730.826666666667,High Value
13300.0,913.62,2,186,456.81,5664.444,High Value
13302.0,95.45,1,0,95.45,3.1816666666666666,Low Value
13303.0,61.72,1,0,61.72,2.0573333333333332,Low Value
13304.0,917.57,3,213,305.8566666666667,6514.747,High Value
13305.0,1753.85,7,266,250.54999999999998,15550.803333333333,VIP
13306.0,53.65,1,0,53.65,1.7883333333333333,Low Value
13307.0,258.34,2,104,129.17,895.5786666666667,Medium Value
13308.0,284.86,1,0,284.86,9.495333333333333,Low Value
13309.0,249.58,1,0,249.58,8.319333333333333,Low Value
13310.0,409.17,2,21,204.585,286.419,Medium Value
13312.0,124.75,1,0,124.75,4.158333333333333,Low Value
13313.0,1890.0,7,257,270.0,16191.0,VIP
13315.0,310.26,1,0,310.26,10.341999999999999,Low Value
13316.0,7213.84,6,247,1202.3066666666666,59393.94933333333,VIP
13317.0,4212.411,13,340,324.0316153846154,47740.658,VIP
13319.0,11236.95,34,367,330.4985294117647,137465.355,VIP
13320.0,679.4,2,44,339.7,996.4533333333333,Medium Value
13324.0,3391.52,8,135,423.94,15261.84,VIP
13326.0,281.76,1,0,281.76,9.392,Low Value
13327.0,6251.71,14,355,446.55071428571426,73978.56833333334,VIP
13329.0,4323.97,7,368,617.71,53040.69866666667,VIP
13330.0,1665.25,3,199,555.0833333333334,11046.158333333335,High Value
13331.0,262.4,1,0,262.4,8.746666666666666,Low Value
13333.0,1015.74,3,247,338.58,8362.926,High Value
13334.0,2726.93,2,116,1363.465,10544.129333333332,High Value
13337.0,1575.26,1,0,1575.26,52.50866666666666,Medium Value
13338.0,1958.6,3,161,652.8666666666667,10511.153333333332,High Value
13340.0,11364.08,5,237,2272.816,89776.23199999999,VIP
13346.0,299.4,6,133,49.9,1327.34,Medium Value
13357.0,3228.41,4,132,807.1025,14205.004,VIP
13359.0,603.75,1,0,603.75,20.125,Medium Value
13360.0,1553.65,4,269,388.4125,13931.061666666668,VIP
13361.0,1450.5,2,145,725.25,7010.75,High Value
13362.0,2303.33,3,47,767.7766666666666,3608.550333333333,High Value
13363.0,731.36,1,0,731.36,24.378666666666668,Medium Value
13367.0,510.20000000000005,1,0,510.20000000000005,17.006666666666668,Medium Value
13368.0,498.1,2,8,249.05,132.82666666666668,Medium Value
13369.0,308.28000000000003,1,0,308.28000000000003,10.276000000000002,Low Value
13370.0,754.87,1,0,754.87,25.162333333333333,Medium Value
13371.0,2297.66,2,127,1148.83,9726.760666666667,High Value
13373.0,4274.94,3,317,1424.9799999999998,45171.865999999995,VIP
13374.0,422.8,2,34,211.4,479.17333333333335,Medium Value
13375.0,1013.58,1,0,1013.58,33.786,Medium Value
13377.0,1552.88,2,249,776.44,12888.904000000002,VIP
13380.0,62.4,1,0,62.4,2.08,Low Value
13381.0,4585.06,6,358,764.1766666666667,54715.049333333336,VIP
13382.0,1164.59,4,302,291.1475,11723.539333333332,High Value
13383.0,305.28000000000003,1,0,305.28000000000003,10.176,Low Value
13384.0,2528.9,4,110,632.225,9272.633333333333,High Value
13386.0,835.46,2,22,417.73,612.6706666666666,Medium Value
13387.0,189.44,1,0,189.44,6.314666666666667,Low Value
13388.0,508.55,1,0,508.55,16.951666666666668,Medium Value
13392.0,91.14,1,0,91.14,3.038,Low Value
13393.0,1131.45,4,148,282.8625,5581.820000000001,High Value
13394.0,4101.68,11,359,372.88000000000005,49083.437333333335,VIP
13395.0,872.51,2,21,436.255,610.757,Medium Value
13397.0,1647.74,5,251,329.548,13786.091333333334,VIP
13398.0,213.0,1,0,213.0,7.1,Low Value
13399.0,275.4,3,54,91.8,495.71999999999997,Medium Value
13400.0,310.83,1,0,310.83,10.360999999999999,Low Value
13402.0,913.9000000000001,3,192,304.6333333333334,5848.960000000001,High Value
13403.0,154.5,2,335,77.25,1725.25,Medium Value
13405.0,641.36,3,242,213.78666666666666,5173.637333333333,High Value
13406.0,568.92,2,204,284.46,3868.6559999999995,High Value
13407.0,2244.7,3,83,748.2333333333332,6210.336666666666,High Value
13408.0,23616.422,46,364,513.4004782608696,286545.9202666667,VIP
13410.0,1198.9,4,338,299.725,13507.606666666668,VIP
13412.0,487.34999999999997,1,0,487.34999999999997,16.244999999999997,Medium Value
13413.0,429.44,6,47,71.57333333333334,672.7893333333334,Medium Value
13414.0,1103.64,3,139,367.88000000000005,5113.532000000001,High Value
13415.0,800.67,4,255,200.1675,6805.695,High Value
13416.0,228.3,1,0,228.3,7.61,Low Value
13417.0,1028.66,4,121,257.165,4148.928666666667,High Value
13418.0,6106.17,15,355,407.07800000000003,72256.345,VIP
13421.0,2252.04,6,257,375.34,19292.476,VIP
13423.0,217.03,1,0,217.03,7.234333333333333,Low Value
13424.0,572.77,1,0,572.77,19.092333333333332,Medium Value
13425.0,1779.42,2,70,889.71,4151.9800000000005,High Value
13426.0,4526.06,12,347,377.1716666666667,52351.42733333334,VIP
13427.0,423.93,3,244,141.31,3447.964,High Value
13428.0,281.51,2,0,140.755,9.383666666666667,Low Value
13431.0,2047.14,6,253,341.19,17264.214,VIP
13432.0,439.1,2,40,219.55,585.4666666666667,Medium Value
13433.0,658.3199999999999,4,195,164.57999999999998,4279.08,High Value
13434.0,1132.6200000000001,3,270,377.54,10193.580000000002,High Value
13435.0,665.34,2,123,332.67,2727.894,High Value
13438.0,46.5,1,0,46.5,1.55,Low Value
13439.0,702.9,2,138,351.45,3233.3399999999997,High Value
13440.0,1295.25,7,28,185.03571428571428,1208.9,Medium Value
13441.0,424.26,1,0,424.26,14.142,Medium Value
13442.0,419.87,3,70,139.95666666666668,979.6966666666667,Medium Value
13443.0,1280.16,6,228,213.36,9729.216,High Value
13444.0,631.6800000000001,2,131,315.84000000000003,2758.3360000000002,High Value
13445.0,241.89999999999998,1,0,241.89999999999998,8.063333333333333,Low Value
13446.0,3881.89,11,233,352.8990909090909,30149.345666666664,VIP
13448.0,5701.5,9,359,633.5,68227.95,VIP
13450.0,2076.32,7,228,296.6171428571429,15780.032000000001,VIP
13451.0,4214.77,6,246,702.4616666666667,34561.114,VIP
13452.0,139.8,1,0,139.8,4.66,Low Value
13453.0,424.71,1,0,424.71,14.156999999999998,Medium Value
13454.0,219.87,1,0,219.87,7.329,Low Value
13455.0,1847.59,5,364,369.518,22417.425333333333,VIP
13457.0,148.22,2,48,74.11,237.15200000000002,Medium Value
13458.0,2312.7,2,9,1156.35,693.81,Medium Value
13459.0,1160.4099999999999,2,57,580.2049999999999,2204.7789999999995,Medium Value
13461.0,2715.0,3,190,905.0,17195.0,VIP
13462.0,1002.35,4,315,250.5875,10524.675000000001,High Value
13464.0,2422.96,5,223,484.592,18010.669333333335,VIP
13465.0,931.12,2,139,465.56,4314.189333333334,High Value
13466.0,705.45,4,219,176.3625,5149.785,High Value
13468.0,7685.54,38,368,202.25105263157894,94275.95733333334,VIP
13469.0,82.4,1,0,82.4,2.746666666666667,Low Value
13472.0,592.24,2,91,296.12,1796.4613333333332,Medium Value
13473.0,2235.12,6,149,372.52,11101.096,High Value
13474.0,434.2,2,51,217.1,738.14,Medium Value
13476.0,823.0,3,237,274.3333333333333,6501.700000000001,High Value
13477.0,1379.59,5,227,275.918,10438.897666666668,High Value
13478.0,2215.78,5,207,443.15600000000006,15288.882000000001,VIP
13479.0,550.42,2,24,275.21,440.336,Medium Value
13480.0,627.82,2,262,313.91,5482.961333333334,High Value
13481.0,2026.28,6,360,337.7133333333333,24315.359999999997,VIP
13482.0,151.45,1,0,151.45,5.048333333333333,Low Value
13484.0,476.92,2,256,238.46,4069.7173333333335,High Value
13485.0,2564.98,10,359,256.498,30694.26066666667,VIP
13487.0,271.47,2,229,135.735,2072.2210000000005,Medium Value
13488.0,6619.57,11,316,601.7790909090909,69726.13733333333,VIP
13490.0,154.25,1,0,154.25,5.141666666666667,Low Value
13491.0,3350.7400000000002,18,360,186.15222222222224,40208.880000000005,VIP
13495.0,3329.39,6,364,554.8983333333333,40396.598666666665,VIP
13497.0,972.28,5,301,194.456,9755.209333333332,High Value
13498.0,327.38,1,0,327.38,10.912666666666667,Low Value
13500.0,299.53,1,0,299.53,9.984333333333332,Low Value
13501.0,1544.79,2,83,772.395,4273.919,High Value
13502.0,488.5,2,132,244.25,2149.4,Medium Value
13503.0,1688.54,5,181,337.70799999999997,10187.524666666666,High Value
13506.0,1180.68,4,90,295.17,3542.04,High Value
13508.0,176.07999999999998,1,0,176.07999999999998,5.869333333333333,Low Value
13509.0,135.0,1,0,135.0,4.5,Low Value
13510.0,2766.73,7,343,395.2471428571429,31632.946333333333,VIP
13511.0,282.76,1,0,282.76,9.425333333333333,Low Value
13512.0,462.18,3,196,154.06,3019.576,High Value
13513.0,619.49,2,213,309.745,4398.379,High Value
13514.0,663.7,3,253,221.23333333333335,5597.203333333334,High Value
13515.0,374.7,2,195,187.35,2435.5499999999997,High Value
13516.0,295.85,1,0,295.85,9.861666666666668,Low Value
13519.0,220.46,1,0,220.46,7.3486666666666665,Low Value
13520.0,3285.05,6,350,547.5083333333333,38325.583333333336,VIP
13523.0,1136.64,2,35,568.32,1326.0800000000002,Medium Value
13526.0,1182.0,2,0,591.0,39.4,Medium Value
13527.0,2396.23,5,269,479.246,21486.195666666667,VIP
13530.0,402.97999999999996,1,0,402.97999999999996,13.432666666666664,Medium Value
13531.0,1254.72,5,369,250.94400000000002,15433.056,VIP
13534.0,1850.82,10,141,185.082,8698.854,High Value
13535.0,89.5,1,0,89.5,2.9833333333333334,Low Value
13537.0,717.85,2,26,358.925,622.1366666666667,Medium Value
13538.0,1831.88,5,279,366.37600000000003,17036.484000000004,VIP
13539.0,938.02,4,169,234.505,5284.1793333333335,High Value
13540.0,632.39,3,188,210.79666666666665,3962.9773333333333,High Value
13541.0,785.25,2,143,392.625,3743.025,High Value
13542.0,4006.17,17,352,235.6570588235294,47005.727999999996,VIP
13543.0,1439.6100000000001,2,52,719.8050000000001,2495.3240000000005,High Value
13544.0,537.59,4,232,134.3975,4157.362666666667,High Value
13545.0,374.64,2,153,187.32,1910.6639999999998,Medium Value
13546.0,465.15,2,42,232.575,651.2099999999999,Medium Value
13547.0,175.53,1,0,175.53,5.851,Low Value
13548.0,226.57999999999998,1,0,226.57999999999998,7.552666666666666,Low Value
13549.0,87.6,1,0,87.6,2.92,Low Value
13550.0,349.51,1,0,349.51,11.650333333333332,Low Value
13551.0,152.39999999999998,1,0,152.39999999999998,5.079999999999999,Low Value
13552.0,3238.85,10,229,323.885,24723.221666666668,VIP
13553.0,517.8,1,0,517.8,17.259999999999998,Medium Value
13554.0,1638.28,7,66,234.04,3604.2160000000003,High Value
13555.0,4849.91,9,310,538.8788888888889,50115.73666666667,VIP
13556.0,200.82,2,6,100.41,40.164,Medium Value
13557.0,2448.2,11,315,222.56363636363633,25706.1,VIP
13559.0,990.0,2,30,495.0,990.0,Medium Value
13561.0,1678.86,10,252,167.886,14102.423999999999,VIP
13562.0,3038.85,5,292,607.77,29578.139999999996,VIP
13564.0,15500.53,35,369,442.87228571428574,190656.51900000003,VIP
13565.0,174.57999999999998,1,0,174.57999999999998,5.819333333333333,Low Value
13566.0,833.41,3,205,277.80333333333334,5694.968333333333,High Value
13567.0,1083.69,4,113,270.9225,4081.8990000000003,High Value
13569.0,520.03,3,60,173.34333333333333,1040.06,Medium Value
13571.0,2454.2200000000003,14,349,175.3014285714286,28550.759333333335,VIP
13573.0,622.07,4,257,155.5175,5329.066333333333,High Value
13574.0,421.25,1,0,421.25,14.041666666666666,Medium Value
13576.0,4834.400000000001,11,358,439.49090909090916,57690.506666666675,VIP
13577.0,1801.68,7,342,257.3828571428572,20539.152000000006,VIP
13578.0,147.66,1,0,147.66,4.922,Low Value
13579.0,1072.0,4,290,268.0,10362.666666666666,High Value
13580.0,107.75,1,0,107.75,3.591666666666667,Low Value
13581.0,162.53,1,0,162.53,5.417666666666666,Low Value
13582.0,241.68,2,227,120.84,1828.712,Medium Value
13583.0,664.001,1,0,664.001,22.133366666666667,Medium Value
13584.0,250.05,2,177,125.025,1475.295,Medium Value
13585.0,684.54,3,207,228.17999999999998,4723.326,High Value
13586.0,131.53,1,0,131.53,4.384333333333333,Low Value
13587.0,961.1,3,214,320.3666666666667,6855.846666666667,High Value
13589.0,741.09,4,284,185.2725,7015.652,High Value
13590.0,4367.67,12,362,363.9725,52703.218,VIP
13591.0,976.8100000000001,4,289,244.20250000000001,9409.936333333333,High Value
13593.0,3486.61,9,259,387.4011111111111,30101.066333333332,VIP
13594.0,136.35000000000002,1,0,136.35000000000002,4.545000000000001,Low Value
13595.0,818.22,3,129,272.74,3518.346,High Value
13597.0,396.71,2,2,198.355,26.447333333333333,Medium Value
13598.0,609.42,4,156,152.355,3168.984,High Value
13599.0,5013.96,14,371,358.14,62005.972,VIP
13600.0,298.9,1,0,298.9,9.963333333333333,Low Value
13601.0,491.82,2,154,245.91,2524.6760000000004,High Value
13602.0,596.28,3,179,198.76,3557.804,High Value
13604.0,717.62,1,0,717.62,23.920666666666666,Medium Value
13605.0,522.67,2,184,261.335,3205.7093333333332,High Value
13607.0,400.3,1,0,400.3,13.343333333333334,Medium Value
13608.0,236.2,1,0,236.2,7.873333333333333,Low Value
13609.0,167.35,1,0,167.35,5.578333333333333,Low Value
13610.0,1044.0,7,316,149.14285714285714,10996.8,High Value
13611.0,2147.73,7,362,306.81857142857143,25915.942,VIP
13612.0,818.29,1,0,818.29,27.27633333333333,Medium Value
13613.0,1039.8500000000001,5,207,207.97000000000003,7174.965000000001,High Value
13614.0,748.73,2,157,374.365,3918.353666666667,High Value
13615.0,5854.84,7,280,836.4057142857143,54645.17333333334,VIP
13616.0,288.1,2,122,144.05,1171.6066666666668,Medium Value
13617.0,734.57,5,86,146.91400000000002,2105.7673333333337,Medium Value
13619.0,231.69,2,129,115.845,996.2669999999999,Medium Value
13620.0,112.34,1,0,112.34,3.744666666666667,Low Value
13622.0,658.95,1,0,658.95,21.965,Medium Value
13623.0,1818.71,5,356,363.742,21582.025333333335,VIP
13624.0,462.08,1,0,462.08,15.402666666666667,Medium Value
13625.0,301.26,1,0,301.26,10.042,Low Value
13626.0,449.81,1,0,449.81,14.993666666666666,Medium Value
13627.0,607.43,2,152,303.715,3077.645333333333,High Value
13628.0,310.14,1,0,310.14,10.338,Low Value
13629.0,5578.5,8,252,697.3125,46859.4,VIP
13632.0,1526.88,3,217,508.96000000000004,11044.432,High Value
13634.0,3498.31,11,323,318.0281818181818,37665.13766666666,VIP
13635.0,1928.1299999999999,3,296,642.7099999999999,19024.215999999997,VIP
13639.0,312.93,1,0,312.93,10.431000000000001,Low Value
13640.0,405.0,1,0,405.0,13.5,Medium Value
13641.0,1016.47,5,93,203.294,3151.0570000000002,High Value
13642.0,159.92,3,0,53.306666666666665,5.330666666666666,Low Value
13643.0,1637.33,7,349,233.9042857142857,19047.605666666666,VIP
13646.0,326.25,2,0,163.125,10.875,Low Value
13647.0,1393.56,4,108,348.39,5016.816,High Value
13648.0,1764.02,8,337,220.5025,19815.824666666664,VIP
13649.0,1332.28,5,160,266.456,7105.493333333334,High Value
13650.0,1451.66,4,308,362.915,14903.709333333336,VIP
13651.0,132.65,1,0,132.65,4.421666666666667,Low Value
13652.0,1475.77,3,283,491.92333333333335,13921.430333333334,VIP
13653.0,152.2,1,0,152.2,5.073333333333333,Low Value
13654.0,3600.67,5,357,720.134,42847.973000000005,VIP
13655.0,1347.54,4,216,336.885,9702.288,High Value
13656.0,699.2,2,95,349.6,2214.133333333333,Medium Value
13658.0,3386.33,4,289,846.5825,32621.645666666664,VIP
13659.0,3321.68,10,244,332.168,27016.33066666667,VIP
13660.0,314.59,1,0,314.59,10.486333333333333,Low Value
13661.0,325.24,1,0,325.24,10.841333333333333,Low Value
13662.0,1352.35,8,272,169.04375,12261.306666666665,High Value
13663.0,1858.04,4,266,464.51,16474.621333333333,VIP
13665.0,1711.6599999999999,3,117,570.5533333333333,6675.473999999999,High Value
13666.0,43.25,2,315,21.625,454.125,Medium Value
13668.0,6726.35,14,344,480.4535714285715,77128.81333333334,VIP
13669.0,195.0,1,0,195.0,6.5,Low Value
13671.0,194.95,1,0,194.95,6.498333333333333,Low Value
13672.0,233.53000000000003,1,0,233.53000000000003,7.784333333333334,Low Value
13674.0,240.68,1,0,240.68,8.022666666666666,Low Value
13676.0,243.9,2,80,121.95,650.4,Medium Value
13677.0,556.1899999999999,2,115,278.09499999999997,2132.0616666666665,Medium Value
13679.0,281.26,3,241,93.75333333333333,2259.4553333333333,Medium Value
13680.0,7713.25,8,263,964.15625,67619.49166666667,VIP
13683.0,258.6,1,0,258.6,8.620000000000001,Low Value
13684.0,529.75,3,230,176.58333333333334,4061.416666666667,High Value
13686.0,337.04,2,21,168.52,235.928,Medium Value
13687.0,11880.84,1,0,11880.84,396.028,Medium Value
13688.0,375.5,1,0,375.5,12.516666666666666,Medium Value
13689.0,349.5,1,0,349.5,11.65,Low Value
13691.0,212.78,1,0,212.78,7.092666666666666,Low Value
13692.0,1626.08,2,11,813.04,596.2293333333332,Medium Value
13693.0,2011.82,9,358,223.53555555555556,24007.718666666668,VIP
13694.0,131443.19,94,361,1398.3318085106382,1581699.7196666666,VIP
13695.0,266.6,1,0,266.6,8.886666666666667,Low Value
13696.0,2020.4,3,244,673.4666666666667,16432.586666666666,VIP
13698.0,465.53000000000003,2,85,232.76500000000001,1319.0016666666668,Medium Value
13699.0,455.57,1,0,455.57,15.185666666666666,Medium Value
13700.0,348.34,3,253,116.11333333333333,2937.6673333333333,High Value
13701.0,161.0,1,0,161.0,5.366666666666666,Low Value
13702.0,135.18,1,0,135.18,4.506,Low Value
13703.0,326.06,1,0,326.06,10.868666666666666,Low Value
13705.0,1323.47,5,250,264.694,11028.916666666668,High Value
13706.0,300.38,1,0,300.38,10.012666666666666,Low Value
13707.0,2559.45,3,106,853.15,9043.39,High Value
13709.0,1263.7,5,251,252.74,10572.956666666667,High Value
13710.0,329.04,2,188,164.52,2061.984,Medium Value
13711.0,1540.2,7,317,220.02857142857144,16274.78,VIP
13712.0,537.58,1,0,537.58,17.919333333333334,Medium Value
13713.0,743.26,3,174,247.75333333333333,4310.907999999999,High Value
13714.0,161.35,1,0,161.35,5.378333333333333,Low Value
13715.0,7403.95,13,265,569.5346153846153,65401.55833333333,VIP
13717.0,318.29,2,28,159.145,297.0706666666667,Medium Value
13719.0,1773.57,6,177,295.59499999999997,10464.062999999998,High Value
13721.0,217.39999999999998,1,0,217.39999999999998,7.246666666666666,Low Value
13722.0,3260.0,7,225,465.7142857142857,24450.0,VIP
13723.0,1009.35,5,219,201.87,7368.255,High Value
13724.0,213.01,1,0,213.01,7.1003333333333325,Low Value
13727.0,746.57,6,118,124.42833333333334,2936.5086666666666,High Value
13728.0,1839.03,10,342,183.903,20964.942,VIP
13729.0,724.73,3,248,241.57666666666668,5991.101333333334,High Value
13733.0,487.03000000000003,2,324,243.51500000000001,5259.924000000001,High Value
13734.0,6701.640000000001,4,94,1675.4100000000003,20998.472000000005,VIP
13735.0,6927.9800000000005,9,350,769.7755555555556,80826.43333333333,VIP
13736.0,2034.31,5,307,406.86199999999997,20817.77233333333,VIP
13738.0,440.93,1,0,440.93,14.697666666666667,Medium Value
13739.0,75.3,1,0,75.3,2.51,Low Value
13740.0,1247.02,4,322,311.755,13384.681333333332,VIP
13745.0,477.32,1,0,477.32,15.910666666666666,Medium Value
13746.0,176.69,1,0,176.69,5.889666666666667,Low Value
13747.0,169.79999999999998,2,51,84.89999999999999,288.65999999999997,Medium Value
13748.0,1320.1,5,364,264.02,16017.213333333331,VIP
13750.0,1954.92,6,236,325.82,15378.704,VIP
13752.0,404.45000000000005,1,0,404.45000000000005,13.481666666666667,Medium Value
13753.0,1353.31,3,138,451.1033333333333,6225.226,High Value
13754.0,164.45000000000002,1,0,164.45000000000002,5.481666666666667,Low Value
13756.0,4017.9800000000005,10,356,401.79800000000006,47680.02933333334,VIP
13757.0,195.55,1,0,195.55,6.5183333333333335,Low Value
13758.0,6226.43,10,372,622.643,77207.732,VIP
13760.0,1076.85,3,189,358.95,6784.154999999999,High Value
13761.0,881.52,4,154,220.38,4525.136,High Value
13762.0,2165.76,4,105,541.44,7580.160000000001,High Value
13763.0,3502.48,2,17,1751.24,1984.7386666666666,Medium Value
13764.0,1431.5,3,73,477.1666666666667,3483.316666666666,High Value
13765.0,352.821,1,0,352.821,11.7607,Low Value
13766.0,190.35,1,0,190.35,6.345,Low Value
13767.0,18320.170000000002,39,369,469.74794871794876,225338.09100000004,VIP
13768.0,875.97,2,4,437.985,116.796,Medium Value
13769.0,3003.9100000000003,11,356,273.0827272727273,35646.398666666675,VIP
13770.0,785.37,4,308,196.3425,8063.1320000000005,High Value
13771.0,3094.37,5,119,618.874,12274.334333333334,VIP
13772.0,1982.09,5,253,396.418,16715.625666666667,VIP
13773.0,301.54,2,263,150.77,2643.5006666666673,High Value
13775.0,1049.66,1,0,1049.66,34.98866666666667,Medium Value
13776.0,623.98,2,0,311.99,20.799333333333333,Medium Value
13777.0,30501.260000000002,37,371,824.3583783783785,377198.91533333337,VIP
13778.0,945.79,3,74,315.2633333333333,2332.9486666666667,Medium Value
13779.0,161.13,1,0,161.13,5.3709999999999996,Low Value
13780.0,375.81,1,0,375.81,12.527,Medium Value
13781.0,650.99,2,128,325.495,2777.557333333333,High Value
13782.0,881.72,7,279,125.96000000000001,8199.996000000001,High Value
13783.0,1542.09,4,185,385.5225,9509.555,High Value
13784.0,447.44,3,15,149.14666666666668,223.72000000000003,Medium Value
13785.0,542.49,4,31,135.6225,560.5730000000001,Medium Value
13786.0,3128.54,6,368,521.4233333333333,38376.757333333335,VIP
13787.0,913.46,4,236,228.365,7185.885333333334,High Value
13788.0,3.75,1,0,3.75,0.125,Low Value
13789.0,239.45999999999998,1,0,239.45999999999998,7.981999999999999,Low Value
13792.0,188.4,1,0,188.4,6.28,Low Value
13793.0,96.0,1,0,96.0,3.2,Low Value
13794.0,126.03,1,0,126.03,4.201,Low Value
13795.0,836.3,4,249,209.075,6941.29,High Value
13796.0,289.7,1,0,289.7,9.656666666666666,Low Value
13797.0,1179.45,3,210,393.15000000000003,8256.15,High Value
13798.0,38683.02,54,359,716.3522222222222,462906.806,VIP
13799.0,2114.71,7,199,302.1014285714286,14027.576333333334,VIP
13800.0,1121.24,2,306,560.62,11436.648,High Value
13802.0,21659.69,16,287,1353.730625,207211.03433333331,VIP
13803.0,1061.84,2,187,530.92,6618.8026666666665,High Value
13804.0,572.73,2,1,286.365,19.091,Medium Value
13807.0,422.2,3,368,140.73333333333332,5178.986666666666,High Value
13809.0,524.65,2,65,262.325,1136.7416666666666,Medium Value
13813.0,1398.61,4,205,349.6525,9557.168333333333,High Value
13814.0,678.2,1,0,678.2,22.60666666666667,Medium Value
13815.0,3448.38,4,259,862.095,29771.014,VIP
13818.0,61.28,1,0,61.28,2.042666666666667,Low Value
13819.0,1502.0,3,68,500.6666666666667,3404.5333333333333,High Value
13820.0,660.65,3,262,220.21666666666667,5769.676666666666,High Value
13821.0,1025.09,4,310,256.2725,10592.596666666666,High Value
13823.0,2445.79,5,343,489.158,27963.532333333333,VIP
13824.0,1615.82,7,258,230.83142857142857,13896.052,VIP
13825.0,255.59,2,108,127.795,920.124,Medium Value
13829.0,102.0,1,0,102.0,3.4,Low Value
13830.0,156.85000000000002,1,0,156.85000000000002,5.228333333333334,Low Value
13831.0,4820.59,13,359,370.8146153846154,57686.39366666667,VIP
13832.0,561.49,1,0,561.49,18.716333333333335,Medium Value
13833.0,316.56,1,0,316.56,10.552,Low Value
13834.0,324.19,2,92,162.095,994.1826666666667,Medium Value
13835.0,260.7,3,126,86.89999999999999,1094.94,Medium Value
13836.0,620.37,2,15,310.185,310.185,Medium Value
13838.0,1274.3600000000001,7,209,182.0514285714286,8878.041333333334,High Value
13839.0,139.95000000000002,1,0,139.95000000000002,4.665000000000001,Low Value
13840.0,651.4,1,0,651.4,21.71333333333333,Medium Value
13842.0,2244.29,10,294,224.429,21994.042,VIP
13843.0,319.75,1,0,319.75,10.658333333333333,Low Value
13846.0,442.73,1,0,442.73,14.757666666666667,Medium Value
13847.0,310.72,1,0,310.72,10.357333333333335,Low Value
13848.0,2080.0,6,363,346.6666666666667,25168.0,VIP
13849.0,1931.35,3,227,643.7833333333333,14613.881666666666,VIP
13851.0,1955.0,5,299,391.0,19484.833333333332,VIP
13852.0,187.35000000000002,1,0,187.35000000000002,6.245000000000001,Low Value
13854.0,4144.44,15,334,276.296,46141.43199999999,VIP
13855.0,1310.3400000000001,4,230,327.58500000000004,10045.940000000002,High Value
13856.0,753.53,8,156,94.19125,3918.3559999999998,High Value
13857.0,1001.01,6,177,166.835,5905.959000000001,High Value
13859.0,314.7,1,0,314.7,10.49,Low Value
13861.0,273.26,2,101,136.63,919.9753333333333,Medium Value
13862.0,346.73,1,0,346.73,11.557666666666668,Low Value
13863.0,933.77,3,127,311.25666666666666,3952.9596666666666,High Value
13864.0,662.4000000000001,1,0,662.4000000000001,22.080000000000002,Medium Value
13869.0,5006.62,6,309,834.4366666666666,51568.186,VIP
13870.0,2941.14,7,282,420.16285714285715,27646.716,VIP
13871.0,1482.6,4,290,370.65,14331.799999999997,VIP
13872.0,919.57,3,198,306.52333333333337,6069.162000000001,High Value
13873.0,649.32,5,262,129.864,5670.728,High Value
13874.0,1508.7,6,168,251.45000000000002,8448.72,High Value
13875.0,3027.58,9,335,336.3977777777778,33807.97666666666,VIP
13877.0,332.44,2,219,166.22,2426.812,High Value
13878.0,1191.53,3,56,397.1766666666667,2224.1893333333333,Medium Value
13879.0,395.5,1,0,395.5,13.183333333333334,Medium Value
13880.0,1171.89,5,194,234.37800000000001,7578.222000000001,High Value
13881.0,28019.58,23,270,1218.2426086956523,252176.22000000003,VIP
13883.0,3885.54,10,327,388.554,42352.386,VIP
13884.0,1100.88,5,93,220.17600000000002,3412.7280000000005,High Value
13888.0,1563.42,5,170,312.684,8859.380000000001,High Value
13889.0,1574.3300000000002,5,303,314.86600000000004,15900.733,VIP
13890.0,1043.57,4,358,260.8925,12453.268666666667,VIP
13891.0,863.5600000000001,3,203,287.85333333333335,5843.422666666667,High Value
13892.0,634.68,2,97,317.34,2052.132,Medium Value
13895.0,1415.45,2,220,707.725,10379.966666666667,High Value
13896.0,388.55,1,0,388.55,12.951666666666666,Medium Value
13897.0,849.56,2,238,424.78,6739.842666666666,High Value
13898.0,530.47,1,0,530.47,17.682333333333332,Medium Value
13900.0,869.64,3,235,289.88,6812.179999999999,High Value
13901.0,2809.14,10,329,280.914,30806.902,VIP
13902.0,34095.26,5,92,6819.052000000001,104558.79733333335,VIP
13903.0,165.45000000000002,1,0,165.45000000000002,5.515000000000001,Low Value
13905.0,312.65,1,0,312.65,10.421666666666665,Low Value
13906.0,42.0,1,0,42.0,1.4,Low Value
13907.0,136.8,1,0,136.8,4.5600000000000005,Low Value
13909.0,286.6,2,98,143.3,936.2266666666667,Medium Value
13911.0,1654.08,11,268,150.3709090909091,14776.448,VIP
13912.0,124.95,1,0,124.95,4.165,Low Value
13913.0,42.22,1,0,42.22,1.4073333333333333,Low Value
13915.0,70.80000000000001,1,0,70.80000000000001,2.3600000000000003,Low Value
13916.0,1275.81,4,211,318.9525,8973.197,High Value
13919.0,975.87,2,116,487.935,3773.364,High Value
13920.0,1774.68,4,130,443.67,7690.28,High Value
13921.0,730.7,4,319,182.675,7769.776666666667,High Value
13922.0,692.95,2,30,346.475,692.95,Medium Value
13927.0,359.27,1,0,359.27,11.975666666666665,Low Value
13929.0,2651.45,9,278,294.60555555555555,24570.103333333333,VIP
13931.0,4019.85,9,344,446.65,46094.28,VIP
13935.0,6116.92,3,55,2038.9733333333334,11214.353333333333,High Value
13936.0,563.08,2,31,281.54,581.8493333333334,Medium Value
13937.0,721.28,1,0,721.28,24.042666666666666,Medium Value
13939.0,992.41,4,181,248.1025,5987.540333333333,High Value
13941.0,6009.34,11,350,546.3036363636364,70108.96666666667,VIP
13942.0,320.0,1,0,320.0,10.666666666666666,Low Value
13943.0,246.54,1,0,246.54,8.218,Low Value
13944.0,200.43,1,0,200.43,6.681,Low Value
13945.0,854.15,2,85,427.075,2420.0916666666667,High Value
13946.0,1314.66,3,359,438.22,15732.098000000002,VIP
13948.0,446.76,3,324,148.92,4825.008,High Value
13952.0,9572.45,12,343,797.7041666666668,109445.01166666667,VIP
13953.0,3125.0,5,319,625.0,33229.166666666664,VIP
13955.0,222.21,1,0,222.21,7.407,Low Value
13957.0,458.25,3,240,152.75,3666.0,High Value
13958.0,4709.2300000000005,8,354,588.6537500000001,55568.91400000001,VIP
13959.0,477.98,3,112,159.32666666666668,1784.4586666666667,Medium Value
13961.0,538.4,1,0,538.4,17.946666666666665,Medium Value
13962.0,193.25,1,0,193.25,6.441666666666666,Low Value
13963.0,2347.33,14,229,167.66642857142855,17917.952333333335,VIP
13964.0,438.9,2,43,219.45,629.0899999999999,Medium Value
13965.0,996.61,3,226,332.2033333333333,7507.795333333333,High Value
13966.0,390.86,1,0,390.86,13.028666666666666,Medium Value
13967.0,85.6,1,0,85.6,2.853333333333333,Low Value
13968.0,123.66,1,0,123.66,4.122,Low Value
13969.0,4311.93,18,259,239.55166666666668,37226.329,VIP
13970.0,846.55,2,51,423.275,1439.135,Medium Value
13971.0,1909.31,6,258,318.2183333333333,16420.066,VIP
13974.0,264.13,1,0,264.13,8.804333333333332,Low Value
13975.0,2832.56,6,282,472.0933333333333,26626.064000000002,VIP
13976.0,834.38,3,161,278.12666666666667,4477.839333333333,High Value
13977.0,519.8100000000001,1,0,519.8100000000001,17.327,Medium Value
13979.0,2546.36,6,343,424.3933333333334,29113.38266666667,VIP
13980.0,599.78,4,216,149.945,4318.416,High Value
13981.0,331.14,1,0,331.14,11.038,Low Value
13982.0,2573.7799999999997,6,322,428.9633333333333,27625.23866666666,VIP
13983.0,4505.02,10,363,450.50200000000007,54510.742000000006,VIP
13984.0,1128.09,8,366,141.01125,13762.697999999999,VIP
13985.0,2960.73,7,293,422.9614285714286,28916.463000000003,VIP
13987.0,682.54,2,21,341.27,477.77799999999996,Medium Value
13988.0,609.84,2,242,304.92,4919.376,High Value
13989.0,759.98,3,99,253.32666666666668,2507.9339999999997,High Value
13992.0,142.7,2,82,71.35,390.0466666666666,Medium Value
13993.0,3309.35,10,356,330.935,39270.95333333333,VIP
13995.0,2508.32,9,342,278.70222222222225,28594.848,VIP
13996.0,895.76,2,13,447.88,388.16266666666667,Medium Value
13997.0,382.31,3,31,127.43666666666667,395.0536666666667,Medium Value
13998.0,566.7,3,129,188.9,2436.81,High Value
13999.0,5600.45,17,359,329.43823529411765,67018.71833333334,VIP
14000.0,1410.68,4,323,352.67,15188.321333333335,VIP
14001.0,2487.01,7,120,355.2871428571429,9948.04,High Value
14003.0,209.41,1,0,209.41,6.980333333333333,Low Value
14004.0,1675.81,4,42,418.9525,2346.1339999999996,Medium Value
14006.0,1234.48,4,124,308.62,5102.517333333334,High Value
14007.0,79.48,1,0,79.48,2.6493333333333333,Low Value
14008.0,509.04,1,0,509.04,16.968,Medium Value
14009.0,404.3,1,0,404.3,13.476666666666667,Medium Value
14010.0,445.15,2,0,222.575,14.838333333333333,Medium Value
14011.0,457.82,2,127,228.91,1938.1046666666666,Medium Value
14013.0,611.5500000000001,2,243,305.77500000000003,4953.555,High Value
14014.0,1443.03,2,200,721.515,9620.2,High Value
14016.0,7062.2,7,304,1008.8857142857142,71563.62666666666,VIP
14017.0,229.75,1,0,229.75,7.658333333333333,Low Value
14018.0,367.15000000000003,1,0,367.15000000000003,12.238333333333335,Medium Value
14020.0,606.21,2,52,303.105,1050.7640000000001,Medium Value
14021.0,1084.68,4,218,271.17,7882.008000000001,High Value
14022.0,352.15000000000003,1,0,352.15000000000003,11.738333333333335,Low Value
14024.0,318.04,1,0,318.04,10.601333333333335,Low Value
14025.0,4057.9,8,119,507.2375,16096.336666666668,VIP
14026.0,713.11,2,154,356.555,3660.6313333333337,High Value
14028.0,10396.5,3,0,3465.5,346.55,Medium Value
14030.0,5902.2,14,362,421.5857142857143,71219.87999999999,VIP
14031.0,23712.31,27,371,878.2337037037038,293242.23366666667,VIP
14032.0,1874.68,6,358,312.44666666666666,22371.18133333333,VIP
14033.0,109.44,1,0,109.44,3.6479999999999997,Low Value
14035.0,1428.7,4,205,357.175,9762.783333333333,High Value
14037.0,689.75,4,254,172.4375,5839.883333333333,High Value
14038.0,1509.5,2,276,754.75,13887.4,VIP
14039.0,115.08000000000001,1,0,115.08000000000001,3.8360000000000003,Low Value
14040.0,9030.65,23,352,392.63695652173914,105959.62666666665,VIP
14042.0,431.98,1,0,431.98,14.399333333333333,Medium Value
14043.0,304.25,2,238,152.125,2413.7166666666667,High Value
14044.0,2470.28,6,265,411.71333333333337,21820.80666666667,VIP
14045.0,9653.279999999999,13,327,742.56,105220.752,VIP
14047.0,2946.42,10,304,294.642,29857.056,VIP
14048.0,338.76,2,0,169.38,11.292,Low Value
14049.0,7557.3099999999995,9,229,839.701111111111,57687.46633333333,VIP
14051.0,6823.610000000001,15,370,454.9073333333334,84157.85666666667,VIP
14052.0,255.45,1,0,255.45,8.514999999999999,Low Value
14053.0,312.05,2,89,156.025,925.7483333333334,Medium Value
14055.0,795.3199999999999,2,145,397.65999999999997,3844.046666666666,High Value
14057.0,2190.88,5,354,438.17600000000004,25852.384000000002,VIP
14058.0,469.19,2,67,234.595,1047.8576666666668,Medium Value
14060.0,3378.66,13,272,259.8969230769231,30633.184,VIP
14061.0,917.4300000000001,3,230,305.81,7033.630000000001,High Value
14062.0,15139.35,12,354,1261.6125,178644.33,VIP
14063.0,22710.2,9,293,2523.355555555556,221802.9533333334,VIP
14064.0,1978.68,10,256,197.868,16884.735999999997,VIP
14065.0,891.02,3,42,297.00666666666666,1247.4279999999999,Medium Value
14068.0,1262.52,3,74,420.84,3114.216,High Value
14069.0,230.06,2,46,115.03,352.75866666666667,Medium Value
14070.0,326.55,1,0,326.55,10.885,Low Value
14072.0,390.85,1,0,390.85,13.028333333333334,Medium Value
14074.0,219.39999999999998,1,0,219.39999999999998,7.313333333333333,Low Value
14075.0,792.61,3,137,264.2033333333333,3619.585666666666,High Value
14077.0,115.66,1,0,115.66,3.8553333333333333,Low Value
14078.0,643.26,4,247,160.815,5296.173999999999,High Value
14079.0,243.63,1,0,243.63,8.121,Low Value
14080.0,1070.08,4,323,267.52,11521.194666666666,High Value
14081.0,4435.58,9,359,492.84222222222223,53079.10733333333,VIP
14082.0,231.10999999999999,1,0,231.10999999999999,7.703666666666666,Low Value
14083.0,388.83,3,350,129.60999999999999,4536.3499999999985,High Value
14084.0,150.5,1,0,150.5,5.016666666666667,Low Value
14085.0,5656.43,16,362,353.526875,68254.25533333333,VIP
14086.0,39.95,1,0,39.95,1.3316666666666668,Low Value
14087.0,651.8,2,330,325.9,7169.799999999999,High Value
14088.0,13544.99,3,14,4514.996666666667,6320.995333333334,High Value
14091.0,9530.08,2,44,4765.04,13977.450666666666,VIP
14092.0,3152.54,10,348,315.254,36569.464,VIP
14094.0,335.22,1,0,335.22,11.174000000000001,Low Value
14095.0,2.95,1,0,2.95,0.09833333333333334,Low Value
14097.0,422.85999999999996,2,164,211.42999999999998,2311.6346666666664,Medium Value
14099.0,2661.54,9,354,295.7266666666667,31406.172000000002,VIP
14101.0,3985.14,7,233,569.3057142857143,30951.254,VIP
14104.0,555.37,3,170,185.12333333333333,3147.096666666667,High Value
14105.0,4722.6,4,312,1180.65,49115.04000000001,VIP
14106.0,214.79999999999998,1,0,214.79999999999998,7.159999999999999,Low Value
14107.0,2174.07,4,281,543.5175,20363.789000000004,VIP
14108.0,447.05,2,6,223.525,89.41000000000001,Medium Value
14110.0,7304.8,21,303,347.84761904761905,73778.48,VIP
14112.0,2919.44,6,202,486.5733333333333,19657.56266666667,VIP
14113.0,5252.1900000000005,12,356,437.68250000000006,62325.98800000001,VIP
14114.0,977.5600000000001,5,210,195.512,6842.92,High Value
14115.0,622.6700000000001,2,165,311.33500000000004,3424.6850000000004,High Value
14118.0,458.45,1,0,458.45,15.281666666666666,Medium Value
14119.0,183.37,2,342,91.685,2090.418,Medium Value
14122.0,362.42,3,331,120.80666666666667,3998.7006666666666,High Value
14123.0,436.18,1,0,436.18,14.539333333333333,Medium Value
14126.0,466.33000000000004,1,0,466.33000000000004,15.544333333333334,Medium Value
14127.0,1190.3700000000001,3,45,396.79,1785.5550000000003,Medium Value
14128.0,286.71,1,0,286.71,9.556999999999999,Low Value
14129.0,1467.48,4,179,366.87,8755.964,High Value
14130.0,1398.81,3,353,466.27,16459.331000000002,VIP
14131.0,187.87,1,0,187.87,6.262333333333333,Low Value
14133.0,305.5,1,0,305.5,10.183333333333334,Low Value
14134.0,11123.35,15,347,741.5566666666667,128660.08166666667,VIP
14135.0,4953.61,11,370,450.3281818181818,61094.52333333333,VIP
14136.0,1570.81,5,331,314.162,17331.270333333334,VIP
14137.0,332.7,1,0,332.7,11.09,Low Value
14139.0,670.98,3,52,223.66,1163.0320000000002,Medium Value
14142.0,671.34,2,273,335.67,6109.194,High Value
14144.0,30.599999999999998,1,0,30.599999999999998,1.02,Low Value
14145.0,3857.85,3,151,1285.95,19417.845,VIP
14146.0,5259.3,7,311,751.3285714285714,54521.41,VIP
14147.0,2106.8,7,251,300.9714285714286,17626.893333333337,VIP
14148.0,309.09000000000003,1,0,309.09000000000003,10.303,Low Value
14151.0,679.45,2,43,339.725,973.8783333333334,Medium Value
14152.0,1376.05,5,272,275.21,12476.186666666666,VIP
14153.0,233.4,1,0,233.4,7.78,Low Value
14154.0,5115.08,6,314,852.5133333333333,53537.83733333334,VIP
14156.0,196566.74,102,366,1927.1249019607842,2398114.2279999997,VIP
14157.0,569.9,3,256,189.96666666666667,4863.1466666666665,High Value
14159.0,3245.0,9,357,360.55555555555554,38615.5,VIP
14160.0,8421.47,7,88,1203.0671428571427,24702.978666666662,VIP
14161.0,2208.36,5,357,441.672,26279.484000000004,VIP
14163.0,148.71,1,0,148.71,4.957,Low Value
14166.0,256.85,2,121,128.425,1035.9616666666668,Medium Value
14167.0,721.65,4,217,180.4125,5219.9349999999995,High Value
14168.0,370.45,2,143,185.225,1765.8116666666665,Medium Value
14169.0,624.4300000000001,2,13,312.21500000000003,270.58633333333336,Medium Value
14170.0,597.33,3,19,199.11,378.309,Medium Value
14171.0,135.0,1,0,135.0,4.5,Low Value
14172.0,402.72,3,37,134.24,496.68800000000005,Medium Value
14173.0,135.16,2,89,67.58,400.9746666666667,Medium Value
14175.0,4456.58,5,209,891.316,31047.507333333335,VIP
14176.0,339.11,2,13,169.555,146.9476666666667,Medium Value
14177.0,1669.93,9,270,185.54777777777778,15029.37,VIP
14180.0,1570.73,9,175,174.52555555555557,9162.591666666667,High Value
14181.0,310.55,2,151,155.275,1563.1016666666667,Medium Value
14182.0,678.77,4,152,169.6925,3439.101333333333,High Value
14183.0,286.29,2,69,143.145,658.467,Medium Value
14186.0,1550.63,5,217,310.12600000000003,11216.223666666667,High Value
14187.0,123.5,1,0,123.5,4.116666666666666,Low Value
14189.0,1160.31,2,20,580.155,773.54,Medium Value
14190.0,79.9,1,0,79.9,2.6633333333333336,Low Value
14191.0,132.9,2,334,66.45,1479.62,Medium Value
14192.0,293.74,1,0,293.74,9.791333333333334,Low Value
14193.0,356.8,1,0,356.8,11.893333333333334,Low Value
14194.0,7321.07,15,310,488.0713333333333,75651.05666666667,VIP
14195.0,1603.6,4,194,400.9,10369.946666666667,High Value
14197.0,390.05,1,0,390.05,13.001666666666667,Medium Value
14198.0,868.33,5,303,173.666,8770.133,High Value
14199.0,906.3,3,106,302.09999999999997,3202.2599999999998,High Value
14200.0,379.2,1,0,379.2,12.639999999999999,Medium Value
14201.0,446.1,3,179,148.70000000000002,2661.73,High Value
14202.0,847.76,3,243,282.58666666666664,6866.856,High Value
14203.0,339.34,1,0,339.34,11.311333333333332,Low Value
14204.0,901.9300000000001,3,315,300.6433333333334,9470.265000000001,High Value
14205.0,1947.5,7,248,278.2142857142857,16099.333333333336,VIP
14206.0,856.85,2,14,428.425,399.86333333333334,Medium Value
14207.0,157.8,1,0,157.8,5.260000000000001,Low Value
14208.0,415.31,1,0,415.31,13.843666666666666,Medium Value
14209.0,2919.84,9,301,324.4266666666667,29295.728000000003,VIP
14210.0,3955.6800000000003,11,331,359.60727272727274,43644.336,VIP
14211.0,2161.19,9,319,240.13222222222223,22980.653666666665,VIP
14212.0,1119.6599999999999,1,0,1119.6599999999999,37.321999999999996,Medium Value
14213.0,1192.2,1,0,1192.2,39.74,Medium Value
14215.0,1626.61,4,363,406.6525,19681.981,VIP
14216.0,310.74,1,0,310.74,10.358,Low Value
14217.0,1411.91,7,161,201.70142857142858,7577.250333333333,High Value
14219.0,543.89,2,83,271.945,1504.7623333333333,Medium Value
14220.0,882.5999999999999,2,2,441.29999999999995,58.839999999999996,Medium Value
14221.0,3084.69,8,163,385.58625,16760.149,VIP
14224.0,847.78,5,154,169.55599999999998,4351.937333333333,High Value
14225.0,2037.02,4,261,509.255,17722.073999999997,VIP
14226.0,770.34,1,0,770.34,25.678,Medium Value
14227.0,3017.75,5,255,603.55,25650.875,VIP
14228.0,745.5,3,108,248.5,2683.8,High Value
14229.0,1046.84,4,68,261.71,2372.837333333333,High Value
14230.0,979.8000000000001,3,112,326.6,3657.9200000000005,High Value
14231.0,309.91,1,0,309.91,10.330333333333334,Low Value
14233.0,1441.55,3,178,480.51666666666665,8553.196666666667,High Value
14235.0,1573.1299999999999,4,121,393.28249999999997,6344.957666666666,High Value
14236.0,1253.78,4,133,313.445,5558.424666666667,High Value
14237.0,471.14,2,217,235.57,3407.9126666666666,High Value
14238.0,287.38,2,72,143.69,689.712,Medium Value
14239.0,1882.3200000000002,10,303,188.23200000000003,19011.432,VIP
14240.0,357.15,1,0,357.15,11.905,Low Value
14241.0,120.0,1,0,120.0,4.0,Low Value
14243.0,4842.28,8,110,605.285,17755.026666666665,VIP
14244.0,366.41999999999996,1,0,366.41999999999996,12.213999999999999,Medium Value
14247.0,635.89,4,146,158.9725,3094.6646666666666,High Value
14248.0,730.37,2,55,365.185,1339.0116666666665,Medium Value
14249.0,5625.461,12,268,468.7884166666667,50254.11826666667,VIP
14252.0,350.99,1,0,350.99,11.699666666666667,Low Value
14253.0,363.40000000000003,2,129,181.70000000000002,1562.6200000000001,Medium Value
14254.0,601.03,1,0,601.03,20.034333333333333,Medium Value
14255.0,1000.63,1,0,1000.63,33.35433333333333,Medium Value
14256.0,1504.93,3,202,501.6433333333334,10133.195333333333,High Value
14257.0,2854.73,4,268,713.6825,25502.254666666668,VIP
14258.0,19381.36,16,340,1211.335,219655.41333333336,VIP
14260.0,824.28,3,77,274.76,2115.652,Medium Value
14263.0,322.93,1,0,322.93,10.764333333333333,Low Value
14264.0,1183.39,4,232,295.8475,9151.549333333334,High Value
14265.0,843.17,2,147,421.585,4131.533,High Value
14266.0,40.56,1,0,40.56,1.352,Low Value
14268.0,354.85,1,0,354.85,11.828333333333333,Low Value
14269.0,295.73,1,0,295.73,9.857666666666667,Low Value
14271.0,106.81,1,0,106.81,3.5603333333333333,Low Value
14272.0,482.85,2,19,241.425,305.805,Medium Value
14274.0,256.6,1,0,256.6,8.553333333333335,Low Value
14275.0,1189.3799999999999,6,211,198.23,8365.305999999999,High Value
14276.0,982.94,4,253,245.735,8289.460666666668,High Value
14277.0,13009.61,6,314,2168.2683333333334,136167.25133333335,VIP
14278.0,205.83,1,0,205.83,6.861000000000001,Low Value
14279.0,191.86,2,160,95.93,1023.2533333333333,Medium Value
14281.0,245.15,1,0,245.15,8.171666666666667,Low Value
14282.0,4120.32,11,295,374.57454545454544,40516.48,VIP
14283.0,628.4399999999999,4,106,157.10999999999999,2220.488,Medium Value
14284.0,704.4,1,0,704.4,23.48,Medium Value
14285.0,1374.41,4,217,343.6025,9941.565666666667,High Value
14286.0,3851.0099999999998,4,331,962.7524999999999,42489.477,VIP
14290.0,2201.91,3,318,733.9699999999999,23340.246,VIP
14291.0,4020.85,12,349,335.0708333333333,46775.88833333333,VIP
14292.0,4354.32,7,220,622.0457142857142,31931.679999999997,VIP
14293.0,2221.37,6,360,370.2283333333333,26656.44,VIP
14294.0,375.34,1,0,375.34,12.511333333333333,Medium Value
14295.0,2196.71,4,292,549.1775,21381.310666666664,VIP
14296.0,456.40000000000003,2,152,228.20000000000002,2312.4266666666667,Medium Value
14298.0,39667.19,38,352,1043.8734210526316,465428.3626666667,VIP
14299.0,10533.87,19,371,554.4142105263159,130268.85900000001,VIP
14301.0,1352.04,3,250,450.68,11267.0,High Value
14302.0,742.9000000000001,3,306,247.63333333333335,7577.580000000001,High Value
14303.0,277.94,2,27,138.97,250.14600000000002,Medium Value
14304.0,1341.56,2,190,670.78,8496.546666666665,High Value
14306.0,1058.0800000000002,4,298,264.52000000000004,10510.261333333336,High Value
14307.0,2075.31,5,358,415.062,24765.365999999998,VIP
14308.0,1147.02,2,0,573.51,38.234,Medium Value
14309.0,1428.28,2,137,714.14,6522.478666666666,High Value
14310.0,492.1,1,0,492.1,16.403333333333332,Medium Value
14311.0,206.19,1,0,206.19,6.873,Low Value
14312.0,1478.7,5,125,295.74,6161.250000000001,High Value
14314.0,109.80000000000001,1,0,109.80000000000001,3.66,Low Value
14315.0,716.69,2,70,358.345,1672.2766666666669,Medium Value
14316.0,1370.34,5,208,274.068,9501.024,High Value
14318.0,158.02,1,0,158.02,5.267333333333333,Low Value
14319.0,494.85,1,0,494.85,16.495,Medium Value
14320.0,868.96,3,141,289.65333333333336,4084.1120000000005,High Value
14321.0,687.3100000000001,2,41,343.65500000000003,939.3236666666668,Medium Value
14322.0,474.1,4,230,118.525,3634.766666666667,High Value
14324.0,701.61,2,283,350.805,6618.521000000001,High Value
14325.0,245.48000000000002,1,0,245.48000000000002,8.182666666666668,Low Value
14326.0,757.13,2,69,378.565,1741.399,Medium Value
14327.0,1583.28,5,318,316.656,16782.768,VIP
14328.0,445.05,1,0,445.05,14.835,Medium Value
14329.0,4912.38,8,348,614.0475,56983.608,VIP
14330.0,200.63,1,0,200.63,6.687666666666666,Low Value
14332.0,1077.2,2,35,538.6,1256.7333333333336,Medium Value
14334.0,1766.27,4,143,441.5675,8419.220333333333,High Value
14338.0,339.88,1,0,339.88,11.329333333333333,Low Value
14339.0,310.75,1,0,310.75,10.358333333333333,Low Value
14341.0,2285.04,10,318,228.504,24221.424,VIP
14342.0,249.88,2,39,124.94,324.844,Medium Value
14343.0,1088.91,4,268,272.2275,9727.596000000001,High Value
14344.0,2443.77,14,258,174.555,21016.422,VIP
14346.0,1294.17,3,72,431.39000000000004,3106.0080000000003,High Value
14347.0,82.6,1,0,82.6,2.753333333333333,Low Value
14350.0,689.1,2,49,344.55,1125.53,Medium Value
14353.0,285.9,2,21,142.95,200.12999999999997,Medium Value
14355.0,840.0500000000001,3,261,280.0166666666667,7308.435000000001,High Value
14358.0,400.06,2,38,200.03,506.74266666666665,Medium Value
14361.0,214.70999999999998,1,0,214.70999999999998,7.156999999999999,Low Value
14363.0,227.47000000000003,2,49,113.73500000000001,371.5343333333334,Medium Value
14365.0,634.68,2,287,317.34,6071.771999999999,High Value
14366.0,136.0,1,0,136.0,4.533333333333333,Low Value
14369.0,469.13,2,19,234.565,297.11566666666664,Medium Value
14370.0,1175.78,6,226,195.96333333333334,8857.542666666666,High Value
14372.0,860.08,2,156,430.04,4472.416,High Value
14374.0,108.0,1,0,108.0,3.6,Low Value
14375.0,875.31,2,91,437.655,2655.1069999999995,High Value
14376.0,215.46,1,0,215.46,7.182,Low Value
14378.0,131.25,1,0,131.25,4.375,Low Value
14379.0,920.81,2,87,460.405,2670.3489999999997,High Value
14380.0,48.96,1,0,48.96,1.632,Low Value
14381.0,428.65999999999997,1,0,428.65999999999997,14.288666666666666,Medium Value
14382.0,620.73,1,0,620.73,20.691,Medium Value
14384.0,58.5,1,0,58.5,1.95,Low Value
14388.0,3488.16,9,315,387.5733333333333,36625.68,VIP
14389.0,854.55,3,165,284.84999999999997,4700.025,High Value
14390.0,1747.01,5,52,349.402,3028.150666666667,High Value
14391.0,135.6,1,0,135.6,4.52,Low Value
14392.0,266.4,1,0,266.4,8.879999999999999,Low Value
14394.0,93.8,1,0,93.8,3.1266666666666665,Low Value
14395.0,4700.3,12,228,391.69166666666666,35722.28,VIP
14396.0,1633.94,6,366,272.3233333333333,19934.068,VIP
14398.0,707.79,2,126,353.895,2972.718,High Value
14399.0,2113.16,8,280,264.145,19722.826666666668,VIP
14400.0,1157.77,2,223,578.885,8606.090333333334,High Value
14401.0,2744.42,9,301,304.93555555555554,27535.680666666667,VIP
14402.0,285.6,1,0,285.6,9.520000000000001,Low Value
14403.0,404.7,2,49,202.35,661.01,Medium Value
14404.0,1424.79,8,350,178.09875,16622.55,VIP
14405.0,195.0,1,0,195.0,6.5,Low Value
14408.0,1503.2400000000002,4,261,375.81000000000006,13078.188,VIP
14409.0,1696.64,5,198,339.32800000000003,11197.824,High Value
14410.0,1546.07,2,60,773.035,3092.14,High Value
14412.0,656.16,1,0,656.16,21.872,Medium Value
14413.0,647.67,3,279,215.89,6023.331,High Value
14414.0,902.35,1,0,902.35,30.078333333333333,Medium Value
14415.0,6191.32,10,343,619.132,70787.42533333333,VIP
14417.0,604.2,1,0,604.2,20.14,Medium Value
14419.0,202.85,1,0,202.85,6.761666666666667,Low Value
14420.0,1251.65,3,294,417.2166666666667,12266.170000000002,High Value
14421.0,1656.26,4,179,414.065,9882.351333333334,High Value
14422.0,6007.88,13,347,462.1446153846154,69491.14533333333,VIP
14423.0,651.41,2,256,325.705,5558.698666666666,High Value
14425.0,661.39,3,302,220.46333333333334,6657.992666666666,High Value
14426.0,7246.27,7,242,1035.1814285714286,58453.244666666666,VIP
14427.0,900.1800000000001,2,137,450.09000000000003,4110.822,High Value
14429.0,516.28,1,0,516.28,17.209333333333333,Medium Value
14430.0,1220.9,3,95,406.9666666666667,3866.1833333333334,High Value
14431.0,2143.84,3,308,714.6133333333333,22010.09066666667,VIP
14433.0,289.6,1,0,289.6,9.653333333333334,Low Value
14435.0,90.42,1,0,90.42,3.0140000000000002,Low Value
14436.0,182.64000000000001,1,0,182.64000000000001,6.088,Low Value
14437.0,895.84,5,217,179.168,6479.909333333334,High Value
14439.0,6781.8,4,244,1695.45,55158.64,VIP
14440.0,4281.05,9,372,475.6722222222222,53085.020000000004,VIP
14441.0,2898.8,7,316,414.11428571428576,30534.02666666667,VIP
14442.0,3777.2,5,276,755.4399999999999,34750.24,VIP
14443.0,966.27,2,10,483.135,322.09,Medium Value
14444.0,132.04,1,0,132.04,4.401333333333333,Low Value
14445.0,221.65,1,0,221.65,7.388333333333334,Low Value
14446.0,201.73,1,0,201.73,6.724333333333333,Low Value
14447.0,548.5,1,0,548.5,18.28333333333333,Medium Value
14449.0,1575.7,5,64,315.14,3361.493333333333,High Value
14450.0,645.19,4,230,161.2975,4946.456666666667,High Value
14451.0,2646.18,10,302,264.618,26638.212,VIP
14452.0,401.15,2,126,200.575,1684.83,Medium Value
14454.0,977.3,5,357,195.45999999999998,11629.869999999999,High Value
14455.0,628.21,4,63,157.0525,1319.2410000000002,Medium Value
14458.0,237.42,1,0,237.42,7.914,Low Value
14459.0,3537.821,1,0,3537.821,117.92736666666666,Medium Value
14460.0,659.16,6,327,109.86,7184.844,High Value
14461.0,4610.44,10,307,461.044,47180.169333333324,VIP
14462.0,265.99,1,0,265.99,8.866333333333333,Low Value
14463.0,256.95,1,0,256.95,8.565,Low Value
14464.0,111.0,2,59,55.5,218.29999999999998,Medium Value
14465.0,2887.4100000000003,8,273,360.92625000000004,26275.431,VIP
14466.0,2374.5,7,353,339.2142857142857,27939.95,VIP
14467.0,1622.23,8,347,202.77875,18763.79366666667,VIP
14468.0,204.24,1,0,204.24,6.808,Low Value
14469.0,2112.21,4,263,528.0525,18517.041,VIP
14470.0,250.85,1,0,250.85,8.361666666666666,Low Value
14471.0,400.95,2,141,200.475,1884.465,Medium Value
14472.0,291.38,1,0,291.38,9.712666666666667,Low Value
14474.0,730.42,1,0,730.42,24.34733333333333,Medium Value
14475.0,225.3,1,0,225.3,7.510000000000001,Low Value
14477.0,660.0,3,267,220.0,5874.0,High Value
14478.0,1276.66,4,356,319.165,15149.698666666669,VIP
14479.0,982.86,3,367,327.62,12023.653999999999,High Value
14480.0,1020.47,3,315,340.1566666666667,10714.935,High Value
14481.0,1674.98,3,270,558.3266666666667,15074.82,VIP
14482.0,2289.76,6,91,381.6266666666667,6945.605333333334,High Value
14483.0,120.0,1,0,120.0,4.0,Low Value
14484.0,749.0600000000001,3,321,249.6866666666667,8014.942,High Value
14486.0,175.5,2,41,87.75,239.85,Medium Value
14487.0,257.28000000000003,2,10,128.64000000000001,85.76,Medium Value
14489.0,1111.55,3,175,370.51666666666665,6484.041666666666,High Value
14490.0,1273.47,2,22,636.735,933.8779999999999,Medium Value
14491.0,127.2,1,0,127.2,4.24,Low Value
14492.0,1921.91,7,188,274.55857142857144,12043.969333333334,High Value
14493.0,2746.91,5,251,549.382,22982.480333333333,VIP
14494.0,261.9,2,329,130.95,2872.1699999999996,High Value
14495.0,51.0,1,0,51.0,1.7,Low Value
14496.0,2129.42,6,260,354.90333333333336,18454.97333333333,VIP
14497.0,221.69,1,0,221.69,7.389666666666667,Low Value
14498.0,1953.95,5,148,390.79,9639.486666666668,High Value
14499.0,1323.65,4,95,330.9125,4191.558333333333,High Value
14505.0,6096.2,11,326,554.1999999999999,66245.37333333332,VIP
14506.0,1278.5,3,230,426.1666666666667,9801.833333333334,High Value
14507.0,1901.25,5,350,380.25,22181.25,VIP
14508.0,598.52,3,164,199.50666666666666,3271.9093333333335,High Value
14509.0,110.95,1,0,110.95,3.6983333333333333,Low Value
14510.0,1007.28,3,60,335.76,2014.56,Medium Value
14512.0,948.19,5,348,189.638,10999.004,High Value
14513.0,332.42,3,131,110.80666666666667,1451.5673333333332,Medium Value
14514.0,3543.63,6,289,590.605,34136.969,VIP
14515.0,1647.17,6,162,274.52833333333336,8894.718,High Value
14516.0,163.92,1,0,163.92,5.4639999999999995,Low Value
14519.0,206.09,2,45,103.045,309.135,Medium Value
14521.0,199.45000000000002,1,0,199.45000000000002,6.648333333333333,Low Value
14522.0,784.08,4,88,196.02,2299.968,Medium Value
14524.0,1066.03,4,6,266.5075,213.20600000000002,Medium Value
14525.0,3908.44,8,298,488.555,38823.83733333334,VIP
14526.0,262.4,1,0,262.4,8.746666666666666,Low Value
14527.0,19283.48,69,372,279.47072463768114,239115.152,VIP
14530.0,3271.4900000000002,10,291,327.149,31733.452999999994,VIP
14531.0,376.34,1,0,376.34,12.544666666666666,Medium Value
14532.0,2926.33,7,287,418.04714285714283,27995.223666666665,VIP
14533.0,1516.65,4,203,379.1625,10262.665,High Value
14534.0,1824.06,8,236,228.0075,14349.271999999999,VIP
14535.0,3166.54,6,258,527.7566666666667,27232.244,VIP
14537.0,285.84000000000003,1,0,285.84000000000003,9.528,Low Value
14538.0,982.59,3,152,327.53000000000003,4978.456,High Value
14540.0,2799.08,8,352,349.885,32842.53866666666,VIP
14541.0,1038.03,6,285,173.005,9861.285,High Value
14543.0,11276.44,23,357,490.28000000000003,134189.636,VIP
14544.0,957.98,1,0,957.98,31.932666666666666,Medium Value
14545.0,349.25,1,0,349.25,11.641666666666666,Low Value
14546.0,2619.81,6,356,436.635,31088.412,VIP
14548.0,1974.69,7,249,282.09857142857146,16389.927000000003,VIP
14549.0,627.3100000000001,3,316,209.10333333333335,6607.665333333334,High Value
14550.0,587.69,2,95,293.845,1861.0183333333334,Medium Value
14551.0,693.81,5,270,138.762,6244.289999999999,High Value
14552.0,346.21,2,211,173.105,2435.010333333333,High Value
14553.0,982.27,4,97,245.5675,3176.0063333333333,High Value
14555.0,1991.49,4,339,497.8725,22503.837000000003,VIP
14556.0,835.34,3,92,278.44666666666666,2561.7093333333332,High Value
14558.0,655.5,3,77,218.5,1682.45,Medium Value
14559.0,75.6,1,0,75.6,2.5199999999999996,Low Value
14560.0,3876.2599999999998,22,357,176.19363636363636,46127.494,VIP
14562.0,1654.63,8,279,206.82875,15388.059000000003,VIP
14563.0,679.44,2,82,339.72,1857.1360000000002,Medium Value
14564.0,2605.62,2,300,1302.81,26056.199999999997,VIP
14565.0,760.1,1,0,760.1,25.336666666666666,Medium Value
14566.0,2660.0,3,116,886.6666666666666,10285.333333333334,High Value
14568.0,919.7,1,0,919.7,30.656666666666666,Medium Value
14569.0,371.59,3,150,123.86333333333333,1857.9499999999998,Medium Value
14570.0,395.69,1,0,395.69,13.189666666666666,Medium Value
14571.0,161.65,1,0,161.65,5.388333333333334,Low Value
14572.0,2782.34,4,204,695.585,18919.912,VIP
14573.0,968.0,5,328,193.6,10583.466666666667,High Value
14574.0,143.70000000000002,1,0,143.70000000000002,4.790000000000001,Low Value
14575.0,460.71,1,0,460.71,15.357,Medium Value
14576.0,35.400000000000006,1,0,35.400000000000006,1.1800000000000002,Low Value
14577.0,514.54,3,334,171.51333333333332,5728.545333333333,High Value
14579.0,105.56,1,0,105.56,3.518666666666667,Low Value
14580.0,14.850000000000001,1,0,14.850000000000001,0.49500000000000005,Low Value
14581.0,295.2,1,0,295.2,9.84,Low Value
14583.0,728.48,3,238,242.82666666666668,5779.274666666667,High Value
14584.0,705.65,4,238,176.4125,5598.156666666667,High Value
14585.0,986.22,4,34,246.555,1117.716,Medium Value
14588.0,135.39,1,0,135.39,4.513,Low Value
14589.0,39.75,1,0,39.75,1.325,Low Value
14590.0,3006.62,20,307,150.331,30767.744666666662,VIP
14593.0,3094.02,9,332,343.78,34240.488,VIP
14594.0,255.0,1,0,255.0,8.5,Low Value
14595.0,423.85,2,234,211.925,3306.03,High Value
14596.0,229.47,1,0,229.47,7.649,Low Value
14597.0,1318.3899999999999,4,58,329.59749999999997,2548.887333333333,High Value
14598.0,162.07,1,0,162.07,5.402333333333333,Low Value
14599.0,474.54,2,118,237.27,1866.524,Medium Value
14600.0,471.84000000000003,1,0,471.84000000000003,15.728000000000002,Medium Value
14602.0,205.35999999999999,1,0,205.35999999999999,6.845333333333333,Low Value
14604.0,143.85999999999999,1,0,143.85999999999999,4.795333333333333,Low Value
14605.0,937.16,4,357,234.29,11152.204,High Value
14606.0,18704.41,102,369,183.37656862745098,230064.24300000002,VIP
14607.0,7568.13,8,257,946.01625,64833.647,VIP
14608.0,1567.79,7,354,223.97,18499.922000000002,VIP
14609.0,884.64,6,278,147.44,8197.664,High Value
14610.0,24.35,2,118,12.175,95.77666666666667,Medium Value
14611.0,604.3299999999999,2,154,302.16499999999996,3102.2273333333333,High Value
14612.0,877.7,1,0,877.7,29.256666666666668,Medium Value
14613.0,76.32000000000001,1,0,76.32000000000001,2.544,Low Value
14614.0,295.13,1,0,295.13,9.837666666666667,Low Value
14615.0,951.76,5,153,190.352,4853.976,High Value
14616.0,121.7,2,163,60.85,661.2366666666667,Medium Value
14617.0,190.47000000000003,2,13,95.23500000000001,82.53700000000002,Medium Value
14618.0,788.88,4,170,197.22,4470.320000000001,High Value
14619.0,896.8000000000001,1,0,896.8000000000001,29.893333333333334,Medium Value
14621.0,1212.21,4,171,303.0525,6909.597000000001,High Value
14623.0,1170.33,5,221,234.06599999999997,8621.430999999999,High Value
14624.0,588.22,4,189,147.055,3705.786,High Value
14625.0,3598.25,9,348,399.80555555555554,41739.7,VIP
14626.0,2619.65,7,333,374.2357142857143,29078.115,VIP
14627.0,462.75,1,0,462.75,15.424999999999999,Medium Value
14628.0,1326.04,3,241,442.0133333333333,10652.521333333332,High Value
14630.0,338.65,1,0,338.65,11.288333333333332,Low Value
14631.0,1018.71,3,100,339.57,3395.7000000000003,High Value
14634.0,2124.46,4,104,531.115,7364.794666666667,High Value
14635.0,215.22,1,0,215.22,7.1739999999999995,Low Value
14637.0,106.67999999999999,1,0,106.67999999999999,3.5559999999999996,Low Value
14639.0,1994.47,3,253,664.8233333333334,16820.030333333336,VIP
14640.0,1541.98,4,276,385.495,14186.215999999999,VIP
14643.0,986.08,3,110,328.6933333333333,3615.626666666666,High Value
14644.0,1416.96,5,321,283.392,15161.472,VIP
14645.0,279.8,1,0,279.8,9.326666666666666,Low Value
14646.0,248396.5,78,362,3184.5705128205127,2997317.7666666666,VIP
14647.0,276.75,1,0,276.75,9.225,Low Value
14648.0,4546.86,15,312,303.12399999999997,47287.344,VIP
14649.0,2358.02,5,306,471.604,24051.803999999996,VIP
14650.0,62.5,1,0,62.5,2.0833333333333335,Low Value
14651.0,1379.52,7,237,197.0742857142857,10898.208,High Value
14653.0,1666.99,5,224,333.398,12446.858666666669,VIP
14654.0,246.86,1,0,246.86,8.228666666666667,Low Value
14655.0,1946.28,3,207,648.76,13429.332,VIP
14656.0,523.6,3,188,174.53333333333333,3281.226666666667,High Value
14657.0,612.65,2,5,306.325,102.10833333333332,Medium Value
14662.0,645.16,3,308,215.0533333333333,6623.642666666667,High Value
14663.0,490.6,2,0,245.3,16.353333333333335,Medium Value
14665.0,913.95,2,165,456.975,5026.725,High Value
14667.0,12685.94,31,372,409.22387096774196,157305.65600000002,VIP
14668.0,111.63,1,0,111.63,3.7209999999999996,Low Value
14669.0,1973.94,4,103,493.485,6777.1939999999995,High Value
14670.0,190.47,1,0,190.47,6.349,Low Value
14671.0,1127.45,2,18,563.725,676.47,Medium Value
14672.0,347.59,2,164,173.795,1900.1586666666665,Medium Value
14673.0,1674.41,3,42,558.1366666666667,2344.1739999999995,Medium Value
14674.0,173.66,1,0,173.66,5.788666666666667,Low Value
14675.0,462.15,1,0,462.15,15.405,Medium Value
14676.0,5808.55,6,245,968.0916666666667,47436.49166666666,VIP
14677.0,184.91,1,0,184.91,6.163666666666667,Low Value
14678.0,403.39,1,0,403.39,13.446333333333333,Medium Value
14679.0,1289.44,3,349,429.81333333333333,15000.485333333334,VIP
14680.0,28658.66,43,363,666.4804651162791,346769.78599999996,VIP
14681.0,376.20000000000005,3,266,125.40000000000002,3335.640000000001,High Value
14682.0,1462.81,4,243,365.7025,11848.760999999999,High Value
14683.0,146.56,1,0,146.56,4.8853333333333335,Low Value
14684.0,232.27,1,0,232.27,7.742333333333334,Low Value
14685.0,4619.79,8,150,577.47375,23098.95,VIP
14686.0,885.83,5,245,177.166,7234.278333333332,High Value
14687.0,773.6800000000001,2,151,386.84000000000003,3894.1893333333337,High Value
14688.0,2082.7,8,82,260.3375,5692.713333333333,High Value
14690.0,422.63,2,18,211.315,253.57799999999997,Medium Value
14692.0,1153.54,8,236,144.1925,9074.514666666666,High Value
14693.0,992.46,6,100,165.41,3308.2000000000003,High Value
14694.0,244.31,1,0,244.31,8.143666666666666,Low Value
14695.0,1620.07,3,213,540.0233333333333,11502.497,High Value
14696.0,688.95,2,48,344.475,1102.3200000000002,Medium Value
14699.0,593.47,3,90,197.82333333333335,1780.41,Medium Value
14700.0,880.96,2,70,440.48,2055.5733333333337,Medium Value
14701.0,2012.72,6,241,335.4533333333333,16168.850666666665,VIP
14702.0,3462.08,13,363,266.31384615384616,41891.168,VIP
14704.0,266.66,2,199,133.33,1768.8446666666669,Medium Value
14706.0,390.69,1,0,390.69,13.023,Medium Value
14707.0,139.2,2,141,69.6,654.24,Medium Value
14708.0,1085.91,3,87,361.97,3149.139,High Value
14709.0,3965.29,12,354,330.44083333333333,46790.422000000006,VIP
14710.0,1316.46,9,356,146.27333333333334,15621.992,VIP
14712.0,411.0,1,0,411.0,13.7,Medium Value
14713.0,2752.5099999999998,11,370,250.2281818181818,33947.62333333333,VIP
14714.0,746.05,3,280,248.6833333333333,6963.133333333333,High Value
14715.0,973.0699999999999,4,247,243.26749999999998,8011.609666666665,High Value
14716.0,235.77,1,0,235.77,7.859,Low Value
14717.0,81.3,1,0,81.3,2.71,Low Value
14718.0,226.42,1,0,226.42,7.547333333333333,Low Value
14721.0,115.77,1,0,115.77,3.859,Low Value
14722.0,325.45,2,9,162.725,97.63499999999999,Medium Value
14723.0,934.76,7,364,133.53714285714287,11341.754666666668,High Value
14724.0,345.25,1,0,345.25,11.508333333333333,Low Value
14725.0,597.16,3,140,199.0533333333333,2786.746666666667,High Value
14726.0,124.75,1,0,124.75,4.158333333333333,Low Value
14727.0,199.35,2,0,99.675,6.645,Low Value
14728.0,190.58,1,0,190.58,6.352666666666667,Low Value
14729.0,593.89,3,251,197.96333333333334,4968.879666666667,High Value
14732.0,2814.58,11,338,255.8709090909091,31710.934666666668,VIP
14733.0,6599.06,4,34,1649.765,7478.934666666667,High Value
14734.0,1056.42,4,125,264.105,4401.750000000001,High Value
14735.0,6174.47,24,347,257.26958333333334,71418.03633333334,VIP
14736.0,401.08,2,0,200.54,13.369333333333332,Medium Value
14737.0,2389.62,1,0,2389.62,79.654,Medium Value
14738.0,507.45,2,171,253.725,2892.465,High Value
14739.0,8385.22,19,370,441.3273684210526,103417.71333333333,VIP
14740.0,2712.85,8,242,339.10625,21883.656666666666,VIP
14741.0,497.25,2,44,248.625,729.3,Medium Value
14742.0,579.85,1,0,579.85,19.328333333333333,Medium Value
14743.0,50.48,1,0,50.48,1.6826666666666665,Low Value
14744.0,2785.1,8,203,348.1375,18845.843333333334,VIP
14745.0,1351.55,7,136,193.07857142857142,6127.026666666667,High Value
14746.0,593.5,4,17,148.375,336.31666666666666,Medium Value
14748.0,1736.57,7,276,248.08142857142857,15976.443999999998,VIP
14749.0,310.15,1,0,310.15,10.338333333333333,Low Value
14750.0,112.03,1,0,112.03,3.7343333333333333,Low Value
14751.0,126.45,2,41,63.225,172.815,Medium Value
14753.0,306.36,1,0,306.36,10.212,Low Value
14754.0,912.4300000000001,4,264,228.10750000000002,8029.384000000001,High Value
14755.0,4962.27,14,354,354.4478571428572,58554.78600000001,VIP
14756.0,1914.8,2,41,957.4,2616.8933333333334,High Value
14758.0,1380.9099999999999,3,214,460.3033333333333,9850.491333333333,High Value
14761.0,192.02,1,0,192.02,6.400666666666667,Low Value
14762.0,117.05000000000001,1,0,117.05000000000001,3.901666666666667,Low Value
14766.0,4082.76,6,185,680.46,25177.020000000004,VIP
14767.0,382.81,1,0,382.81,12.760333333333334,Medium Value
14769.0,5097.13,9,333,566.3477777777778,56578.143,VIP
14770.0,2761.2200000000003,6,184,460.2033333333334,16935.48266666667,VIP
14771.0,594.62,2,115,297.31,2279.3766666666666,Medium Value
14773.0,140.55,1,0,140.55,4.6850000000000005,Low Value
14774.0,241.45,1,0,241.45,8.048333333333332,Low Value
14775.0,406.56,1,0,406.56,13.552,Medium Value
14776.0,1170.0,4,58,292.5,2262.0,Medium Value
14777.0,307.56,1,0,307.56,10.252,Low Value
14783.0,307.3,1,0,307.3,10.243333333333334,Low Value
14784.0,159.94,1,0,159.94,5.331333333333333,Low Value
14786.0,90.96,1,0,90.96,3.0319999999999996,Low Value
14787.0,110.65,1,0,110.65,3.6883333333333335,Low Value
14788.0,476.88,1,0,476.88,15.895999999999999,Medium Value
14790.0,1781.56,6,354,296.9266666666667,21022.408,VIP
14791.0,303.63,1,0,303.63,10.121,Low Value
14793.0,396.91,1,0,396.91,13.230333333333334,Medium Value
14794.0,633.99,3,84,211.33,1775.172,Medium Value
14796.0,2867.15,11,358,260.65000000000003,34214.65666666668,VIP
14797.0,300.31,1,0,300.31,10.010333333333334,Low Value
14798.0,550.5699999999999,5,267,110.11399999999999,4900.072999999999,High Value
14799.0,180.45,1,0,180.45,6.015,Low Value
14800.0,3434.58,6,65,572.43,7441.589999999999,High Value
14802.0,1502.98,2,0,751.49,50.099333333333334,Medium Value
14805.0,549.99,3,217,183.33,3978.261,High Value
14806.0,110.03999999999999,1,0,110.03999999999999,3.6679999999999997,Low Value
14807.0,519.29,2,259,259.645,4483.203666666666,High Value
14809.0,686.76,2,0,343.38,22.892,Medium Value
14810.0,449.14,3,59,149.71333333333334,883.3086666666666,Medium Value
14811.0,170.5,1,0,170.5,5.683333333333334,Low Value
14812.0,185.8,1,0,185.8,6.193333333333333,Low Value
14813.0,935.44,4,241,233.86,7514.701333333333,High Value
14814.0,160.46,1,0,160.46,5.3486666666666665,Low Value
14817.0,2849.52,5,232,569.904,22036.288,VIP
14818.0,512.61,3,189,170.87,3229.443,High Value
14819.0,198.09,2,224,99.045,1479.0720000000001,Medium Value
14820.0,767.47,5,297,153.494,7597.953,High Value
14821.0,1237.65,7,309,176.80714285714288,12747.795000000002,VIP
14822.0,157.70000000000002,1,0,157.70000000000002,5.256666666666667,Low Value
14824.0,2895.2000000000003,6,257,482.53333333333336,24802.213333333337,VIP
14825.0,2698.17,13,243,207.55153846153846,21855.177,VIP
14826.0,385.2,2,113,192.6,1450.9199999999998,Medium Value
14828.0,7699.7,10,344,769.97,88289.89333333334,VIP
14829.0,995.29,4,64,248.8225,2123.2853333333333,Medium Value
14831.0,1676.57,3,57,558.8566666666667,3185.483,High Value
14832.0,322.69,1,0,322.69,10.756333333333334,Low Value
14833.0,94.8,1,0,94.8,3.1599999999999997,Low Value
14834.0,485.86,1,0,485.86,16.195333333333334,Medium Value
14835.0,297.0,2,88,148.5,871.1999999999999,Medium Value
14837.0,1810.82,5,241,362.164,14546.920666666665,VIP
14838.0,773.6700000000001,2,313,386.83500000000004,8071.957000000001,High Value
14839.0,915.28,3,285,305.0933333333333,8695.16,High Value
14840.0,299.86,1,0,299.86,9.995333333333333,Low Value
14841.0,3867.2400000000002,8,362,483.40500000000003,46664.696,VIP
14843.0,211.79999999999998,1,0,211.79999999999998,7.06,Low Value
14844.0,3512.62,6,175,585.4366666666666,20490.283333333333,VIP
14845.0,150.0,1,0,150.0,5.0,Low Value
14846.0,437.4,1,0,437.4,14.579999999999998,Medium Value
14847.0,1039.55,2,156,519.775,5405.66,High Value
14848.0,310.56,1,0,310.56,10.352,Low Value
14849.0,7832.91,21,325,372.99571428571426,84856.52500000001,VIP
14850.0,1468.26,6,151,244.71,7390.242,High Value
14851.0,318.06,1,0,318.06,10.602,Low Value
14852.0,3310.4900000000002,12,219,275.87416666666667,24166.576999999997,VIP
14853.0,901.0699999999999,3,182,300.3566666666666,5466.4913333333325,High Value
14854.0,1563.03,4,296,390.7575,15421.896,VIP
14855.0,5874.65,5,136,1174.9299999999998,26631.746666666666,VIP
14857.0,2478.731,5,192,495.74620000000004,15863.878400000001,VIP
14858.0,180.75,1,0,180.75,6.025,Low Value
14859.0,351.9,1,0,351.9,11.729999999999999,Low Value
14861.0,1254.94,9,350,139.4377777777778,14640.966666666667,VIP
14865.0,77.52000000000001,3,366,25.840000000000003,945.744,Medium Value
14866.0,6460.32,8,104,807.54,22395.775999999998,VIP
14867.0,2241.78,13,338,172.4446153846154,25257.388000000003,VIP
14868.0,1230.42,4,39,307.605,1599.546,Medium Value
14869.0,2078.54,4,335,519.635,23210.36333333333,VIP
14870.0,1511.7,5,270,302.34000000000003,13605.300000000003,VIP
14871.0,736.59,5,245,147.318,6015.485,High Value
14872.0,816.6,3,149,272.2,4055.7799999999997,High Value
14873.0,334.45,1,0,334.45,11.148333333333333,Low Value
14874.0,116.18,1,0,116.18,3.872666666666667,Low Value
14875.0,1397.08,1,0,1397.08,46.56933333333333,Medium Value
14876.0,256.7,2,40,128.35,342.26666666666665,Medium Value
14877.0,437.0,2,224,218.5,3262.9333333333334,High Value
14878.0,2619.7000000000003,16,280,163.73125000000002,24450.533333333336,VIP
14879.0,185.06,1,0,185.06,6.168666666666667,Low Value
14882.0,3038.4500000000003,12,228,253.20416666666668,23092.22,VIP
14884.0,120.6,1,0,120.6,4.02,Low Value
14885.0,832.8,2,38,416.4,1054.8799999999999,Medium Value
14890.0,691.6,2,41,345.8,945.1866666666667,Medium Value
14891.0,552.35,2,19,276.175,349.82166666666666,Medium Value
14892.0,202.35000000000002,1,0,202.35000000000002,6.745000000000001,Low Value
14893.0,571.76,1,0,571.76,19.058666666666667,Medium Value
14894.0,837.0600000000001,2,294,418.53000000000003,8203.188000000002,High Value
14895.0,13980.83,18,345,776.7127777777778,160779.545,VIP
14896.0,1623.65,7,367,231.95000000000002,19862.651666666665,VIP
14897.0,1774.16,4,314,443.54,18569.541333333334,VIP
14898.0,2204.29,9,364,244.92111111111112,26745.38533333333,VIP
14899.0,1384.88,1,0,1384.88,46.16266666666667,Medium Value
14900.0,13.919999999999998,1,0,13.919999999999998,0.4639999999999999,Low Value
14901.0,868.36,5,131,173.672,3791.8386666666665,High Value
14902.0,702.96,2,157,351.48,3678.824,High Value
14904.0,615.2,2,19,307.6,389.62666666666667,Medium Value
14905.0,1355.24,6,361,225.87333333333333,16308.054666666667,VIP
14906.0,68.44,1,0,68.44,2.2813333333333334,Low Value
14907.0,2664.69,10,234,266.469,20784.582,VIP
14908.0,104.10000000000001,1,0,104.10000000000001,3.47,Low Value
14909.0,1404.68,3,226,468.2266666666667,10581.922666666667,High Value
14911.0,152147.57,205,373,742.183268292683,1891701.4536666668,VIP
14912.0,1021.4,4,280,255.35,9533.066666666668,High Value
14913.0,2845.7,4,97,711.425,9201.096666666666,High Value
14915.0,1503.77,9,360,167.08555555555554,18045.239999999998,VIP
14916.0,1773.97,4,186,443.4925,10998.614,High Value
14917.0,1123.75,2,0,561.875,37.458333333333336,Medium Value
14918.0,4345.66,7,206,620.8085714285714,29840.198666666663,VIP
14919.0,359.35,1,0,359.35,11.978333333333333,Low Value
14920.0,629.4,1,0,629.4,20.98,Medium Value
14922.0,843.74,2,114,421.87,3206.212,High Value
14924.0,620.96,2,29,310.48,600.2613333333334,Medium Value
14926.0,359.4,2,216,179.7,2587.68,High Value
14927.0,308.2,1,0,308.2,10.273333333333333,Low Value
14928.0,223.91000000000003,1,0,223.91000000000003,7.463666666666668,Low Value
14929.0,612.8100000000001,1,0,612.8100000000001,20.427000000000003,Medium Value
14930.0,2873.77,3,136,957.9233333333333,13027.757333333333,VIP
14932.0,666.13,2,20,333.065,444.08666666666664,Medium Value
14933.0,1770.0,4,0,442.5,59.0,Medium Value
14934.0,1612.56,3,62,537.52,3332.6240000000003,High Value
14935.0,1065.12,1,0,1065.12,35.504,Medium Value
14936.0,4273.79,4,192,1068.4475,27352.256,VIP
14938.0,2322.43,2,0,1161.215,77.41433333333333,Medium Value
14940.0,531.49,2,315,265.745,5580.645,High Value
14941.0,182.1,1,0,182.1,6.069999999999999,Low Value
14942.0,746.56,4,328,186.64,8162.389333333333,High Value
14943.0,107.62,1,0,107.62,3.5873333333333335,Low Value
14944.0,3884.42,7,271,554.9171428571428,35089.26066666667,VIP
14945.0,179.4,1,0,179.4,5.98,Low Value
14947.0,758.97,4,236,189.7425,5970.564,High Value
14949.0,515.0,4,252,128.75,4326.0,High Value
14952.0,9529.86,21,339,453.8028571428572,107687.41800000002,VIP
14953.0,723.95,3,17,241.3166666666667,410.23833333333334,Medium Value
14954.0,167.27,1,0,167.27,5.575666666666667,Low Value
14955.0,163.77,1,0,163.77,5.4590000000000005,Low Value
14956.0,1325.0,1,0,1325.0,44.166666666666664,Medium Value
14957.0,274.8,1,0,274.8,9.16,Low Value
14958.0,458.26,3,140,152.75333333333333,2138.5466666666666,Medium Value
14961.0,9365.47,13,355,720.4207692307692,110824.72833333333,VIP
14962.0,240.21000000000004,3,45,80.07000000000001,360.31500000000005,Medium Value
14963.0,1676.68,7,145,239.5257142857143,8103.953333333333,High Value
14966.0,924.5200000000001,5,336,184.90400000000002,10354.624,High Value
14967.0,1518.81,5,294,303.762,14884.338,VIP
14968.0,357.4,1,0,357.4,11.913333333333332,Low Value
14969.0,906.23,1,0,906.23,30.207666666666668,Medium Value
14970.0,3327.29,8,254,415.91125,28171.055333333334,VIP
14972.0,30.300000000000004,1,0,30.300000000000004,1.0100000000000002,Low Value
14975.0,192.45,1,0,192.45,6.414999999999999,Low Value
14977.0,31.929999999999996,1,0,31.929999999999996,1.0643333333333331,Low Value
14978.0,1210.72,5,160,242.144,6457.173333333333,High Value
14979.0,439.46,1,0,439.46,14.648666666666665,Medium Value
14980.0,150.68,1,0,150.68,5.022666666666667,Low Value
14981.0,270.8,1,0,270.8,9.026666666666667,Low Value
14982.0,237.78,1,0,237.78,7.926,Low Value
14983.0,183.20000000000002,1,0,183.20000000000002,6.106666666666667,Low Value
14984.0,1058.1399999999999,4,308,264.53499999999997,10863.570666666667,High Value
14986.0,566.9,2,307,283.45,5801.276666666666,High Value
14987.0,1387.4499999999998,7,371,198.20714285714283,17158.131666666664,VIP
14988.0,1732.06,6,221,288.6766666666667,12759.508666666665,VIP
14989.0,342.4,1,0,342.4,11.413333333333332,Low Value
14990.0,305.42,2,118,152.71,1201.3186666666666,Medium Value
14991.0,314.67,1,0,314.67,10.489,Low Value
14992.0,210.5,1,0,210.5,7.016666666666667,Low Value
14993.0,36.13,1,0,36.13,1.2043333333333335,Low Value
14994.0,960.63,5,240,192.126,7685.04,High Value
14996.0,442.28999999999996,2,0,221.14499999999998,14.742999999999999,Medium Value
14997.0,230.4,1,0,230.4,7.68,Low Value
14998.0,340.86,2,177,170.43,2011.0740000000003,Medium Value
14999.0,129.48000000000002,1,0,129.48000000000002,4.316000000000001,Low Value
15001.0,230.85999999999999,2,0,115.42999999999999,7.695333333333333,Low Value
15002.0,3175.52,6,329,529.2533333333333,34824.869333333336,VIP
15003.0,1060.7,6,209,176.78333333333333,7389.543333333334,High Value
15005.0,7789.63,29,372,268.60793103448276,96591.41200000001,VIP
15006.0,323.05,1,0,323.05,10.768333333333334,Low Value
15008.0,360.0,2,157,180.0,1884.0,Medium Value
15011.0,416.6,2,20,208.3,277.73333333333335,Medium Value
15012.0,437.58,2,203,218.79,2960.958,High Value
15013.0,1641.3,10,189,164.13,10340.189999999999,High Value
15015.0,2365.02,13,223,181.92461538461538,17579.982,VIP
15016.0,460.26,4,150,115.065,2301.3,Medium Value
15018.0,111.25,1,0,111.25,3.7083333333333335,Low Value
15020.0,203.42,1,0,203.42,6.780666666666666,Low Value
15021.0,869.01,4,131,217.2525,3794.6769999999997,High Value
15022.0,281.05,1,0,281.05,9.368333333333334,Low Value
15023.0,5367.92,10,304,536.792,54394.922666666665,VIP
15024.0,2414.18,8,57,301.7725,4586.941999999999,High Value
15025.0,636.08,1,0,636.08,21.20266666666667,Medium Value
15026.0,592.61,2,72,296.305,1422.264,Medium Value
15027.0,2129.45,6,229,354.9083333333333,16254.801666666666,VIP
15028.0,530.58,3,25,176.86,442.15000000000003,Medium Value
15029.0,365.1,1,0,365.1,12.17,Medium Value
15030.0,1461.63,6,264,243.60500000000002,12862.344000000003,VIP
15031.0,2488.44,10,337,248.844,27953.476,VIP
15032.0,8821.55,7,362,1260.2214285714285,106446.70333333332,VIP
15034.0,4004.79,6,191,667.465,25497.162999999997,VIP
15037.0,402.51,2,0,201.255,13.417,Medium Value
15038.0,604.37,4,55,151.0925,1108.0116666666665,Medium Value
15039.0,20116.99,47,360,428.0210638297873,241403.88,VIP
15040.0,7.49,1,0,7.49,0.24966666666666668,Low Value
15041.0,113.67,1,0,113.67,3.789,Low Value
15042.0,179.52,1,0,179.52,5.984,Low Value
15043.0,2336.7999999999997,5,69,467.35999999999996,5374.6399999999985,High Value
15044.0,8504.1,18,343,472.45000000000005,97230.21,VIP
15046.0,2598.62,10,268,259.86199999999997,23214.338666666667,VIP
15048.0,98.7,1,0,98.7,3.29,Low Value
15050.0,2411.7,2,59,1205.85,4743.009999999999,High Value
15051.0,2543.55,6,359,423.925,30437.815000000002,VIP
15055.0,560.07,3,248,186.69000000000003,4629.912000000001,High Value
15056.0,133.45,1,0,133.45,4.448333333333333,Low Value
15057.0,1766.46,3,290,588.82,17075.78,VIP
15058.0,1285.04,5,276,257.008,11822.367999999999,High Value
15059.0,2185.85,10,356,218.58499999999998,25938.753333333334,VIP
15061.0,83284.38,86,371,968.423023255814,1029950.1660000001,VIP
15062.0,1597.76,4,186,399.44,9906.112000000001,High Value
15064.0,1254.41,4,306,313.6025,12794.982,VIP
15065.0,168.73,1,0,168.73,5.6243333333333325,Low Value
15067.0,2133.12,2,193,1066.56,13723.072,VIP
15068.0,623.49,2,203,311.745,4218.949,High Value
15070.0,737.0500000000001,3,351,245.68333333333337,8623.485,High Value
15071.0,473.49,2,184,236.745,2904.072,High Value
15072.0,187.51999999999998,1,0,187.51999999999998,6.250666666666666,Low Value
15073.0,1744.61,5,281,348.92199999999997,16341.180333333334,VIP
15074.0,817.46,2,38,408.73,1035.4493333333332,Medium Value
15076.0,566.89,2,29,283.445,547.9936666666666,Medium Value
15077.0,2428.08,2,235,1214.04,19019.96,VIP
15078.0,8018.77,23,367,348.6421739130435,98096.28633333334,VIP
15079.0,2871.74,8,365,358.9675,34939.50333333333,VIP
15080.0,546.25,2,74,273.125,1347.4166666666667,Medium Value
15081.0,1460.92,8,168,182.615,8181.152,High Value
15082.0,93.35000000000001,1,0,93.35000000000001,3.111666666666667,Low Value
15084.0,965.2,2,266,482.6,8558.106666666668,High Value
15085.0,347.54,1,0,347.54,11.584666666666667,Low Value
15086.0,218.53,2,60,109.265,437.06,Medium Value
15091.0,565.9,2,0,282.95,18.863333333333333,Medium Value
15092.0,318.65,1,0,318.65,10.621666666666666,Low Value
15093.0,9729.09,18,359,540.505,116424.777,VIP
15094.0,83.0,2,181,41.5,500.76666666666665,Medium Value
15095.0,1771.04,6,267,295.17333333333335,15762.256,VIP
15097.0,660.27,2,0,330.135,22.009,Medium Value
15100.0,2018.6999999999998,6,334,336.45,22474.859999999997,VIP
15101.0,1160.41,4,74,290.1025,2862.344666666667,High Value
15102.0,554.67,2,16,277.335,295.82399999999996,Medium Value
15105.0,795.98,2,196,397.99,5200.402666666667,High Value
15107.0,620.85,4,79,155.2125,1634.905,Medium Value
15109.0,498.15000000000003,2,156,249.07500000000002,2590.38,High Value
15110.0,509.75,2,81,254.875,1376.325,Medium Value
15111.0,1163.39,3,219,387.7966666666667,8492.747000000001,High Value
15112.0,209.4,1,0,209.4,6.98,Low Value
15114.0,639.56,2,37,319.78,788.7906666666667,Medium Value
15115.0,191.74,1,0,191.74,6.391333333333334,Low Value
15117.0,934.19,3,186,311.3966666666667,5791.978,High Value
15122.0,2863.69,8,196,357.96125,18709.441333333332,VIP
15123.0,2456.86,3,212,818.9533333333334,17361.810666666668,VIP
15124.0,266.63,2,175,133.315,1555.3416666666665,Medium Value
15125.0,5496.39,9,138,610.71,25283.394,VIP
15126.0,449.49,2,150,224.745,2247.45,Medium Value
15127.0,304.97,1,0,304.97,10.165666666666667,Low Value
15128.0,312.68,1,0,312.68,10.422666666666666,Low Value
15129.0,3412.78,12,224,284.39833333333337,25482.09066666667,VIP
15131.0,80.28,1,0,80.28,2.676,Low Value
15133.0,824.48,2,138,412.24,3792.6079999999997,High Value
15134.0,208.3,2,41,104.15,284.6766666666667,Medium Value
15135.0,166.63,1,0,166.63,5.554333333333333,Low Value
15137.0,823.4,2,159,411.7,4364.0199999999995,High Value
15138.0,502.52,1,0,502.52,16.750666666666667,Medium Value
15140.0,889.44,1,0,889.44,29.648,Medium Value
15141.0,1388.47,7,163,198.35285714285715,7544.020333333334,High Value
15142.0,2121.18,5,90,424.236,6363.539999999999,High Value
15143.0,304.18,1,0,304.18,10.139333333333333,Low Value
15144.0,5579.87,12,347,464.9891666666667,64540.49633333333,VIP
15149.0,1033.81,4,73,258.4525,2515.6043333333328,High Value
15150.0,3686.61,3,87,1228.8700000000001,10691.169000000002,High Value
15151.0,2085.61,2,86,1042.805,5978.748666666667,High Value
15152.0,518.14,1,0,518.14,17.27133333333333,Medium Value
15154.0,1091.99,2,0,545.995,36.39966666666667,Medium Value
15155.0,383.96999999999997,1,0,383.96999999999997,12.799,Medium Value
15157.0,718.04,2,159,359.02,3805.6119999999996,High Value
15158.0,204.62,1,0,204.62,6.820666666666667,Low Value
15159.0,3475.7200000000003,4,36,868.9300000000001,4170.8640000000005,High Value
15160.0,431.11,3,47,143.70333333333335,675.4056666666667,Medium Value
15161.0,119.92,1,0,119.92,3.997333333333333,Low Value
15162.0,312.9,1,0,312.9,10.43,Low Value
15164.0,1225.8700000000001,6,301,204.3116666666667,12299.562333333335,VIP
15165.0,487.75,1,0,487.75,16.258333333333333,Medium Value
15166.0,167.16,1,0,167.16,5.572,Low Value
15167.0,1496.67,4,266,374.1675,13270.474000000002,VIP
15169.0,569.22,2,344,284.61,6527.0560000000005,High Value
15170.0,81.15,1,0,81.15,2.705,Low Value
15173.0,1494.6,7,236,213.5142857142857,11757.519999999999,High Value
15174.0,345.71,1,0,345.71,11.523666666666665,Low Value
15176.0,988.04,1,0,988.04,32.934666666666665,Medium Value
15177.0,948.93,1,0,948.93,31.630999999999997,Medium Value
15179.0,5284.97,8,344,660.62125,60600.98933333334,VIP
15180.0,816.9300000000001,3,221,272.31,6018.051,High Value
15181.0,510.72,2,310,255.36,5277.4400000000005,High Value
15182.0,2376.1020000000003,9,270,264.01133333333337,21384.918,VIP
15183.0,639.93,3,36,213.30999999999997,767.9159999999999,Medium Value
15184.0,283.19,2,336,141.595,3171.7279999999996,High Value
15186.0,991.7900000000001,3,222,330.5966666666667,7339.246000000001,High Value
15188.0,310.43,1,0,310.43,10.347666666666667,Low Value
15189.0,1298.99,5,128,259.798,5542.357333333333,High Value
15190.0,834.4399999999999,1,0,834.4399999999999,27.814666666666664,Medium Value
15191.0,588.05,3,225,196.01666666666665,4410.375,High Value
15192.0,937.07,3,314,312.3566666666667,9807.999333333333,High Value
15194.0,4811.16,14,368,343.6542857142857,59016.896,VIP
15196.0,316.25,2,293,158.125,3088.7083333333335,High Value
15197.0,797.9,3,333,265.96666666666664,8856.689999999999,High Value
15198.0,377.71,3,281,125.90333333333332,3537.8836666666666,High Value
15199.0,1853.7,6,201,308.95,12419.789999999999,VIP
15200.0,549.05,1,0,549.05,18.301666666666666,Medium Value
15201.0,606.4100000000001,2,171,303.20500000000004,3456.5370000000007,High Value
15202.0,6001.49,3,0,2000.4966666666667,200.04966666666667,Medium Value
15203.0,2572.38,9,340,285.82,29153.640000000003,VIP
15207.0,683.9200000000001,3,130,227.97333333333336,2963.6533333333336,High Value
15208.0,100.4,1,0,100.4,3.3466666666666667,Low Value
15209.0,178.98000000000002,1,0,178.98000000000002,5.966,Low Value
15210.0,845.01,2,196,422.505,5520.732,High Value
15211.0,383.07,1,0,383.07,12.769,Medium Value
15212.0,106.47999999999999,1,0,106.47999999999999,3.549333333333333,Low Value
15215.0,1687.49,4,218,421.8725,12262.427333333333,High Value
15216.0,389.49,1,0,389.49,12.983,Medium Value
15217.0,426.24,1,0,426.24,14.208,Medium Value
15218.0,5759.68,11,293,523.6072727272727,56252.87466666668,VIP
15219.0,379.7,1,0,379.7,12.656666666666666,Medium Value
15221.0,2062.2000000000003,4,271,515.5500000000001,18628.54,VIP
15222.0,2965.91,10,250,296.591,24715.916666666668,VIP
15223.0,662.2,3,125,220.73333333333335,2759.166666666667,High Value
15224.0,549.28,3,180,183.09333333333333,3295.68,High Value
15227.0,1269.0900000000001,4,237,317.27250000000004,10025.811000000002,High Value
15228.0,2193.56,2,71,1096.78,5191.425333333334,High Value
15229.0,160.5,1,0,160.5,5.35,Low Value
15231.0,250.26,1,0,250.26,8.341999999999999,Low Value
15233.0,59.400000000000006,1,0,59.400000000000006,1.9800000000000002,Low Value
15235.0,690.3000000000001,6,19,115.05000000000001,437.19,Medium Value
15240.0,2753.41,7,359,393.3442857142857,32949.13966666666,VIP
15241.0,1293.72,3,223,431.24,9616.652,High Value
15242.0,302.04,1,0,302.04,10.068000000000001,Low Value
15243.0,610.6,1,0,610.6,20.353333333333335,Medium Value
15244.0,280.51,1,0,280.51,9.350333333333333,Low Value
15245.0,2095.0,5,192,419.0,13408.0,VIP
15246.0,266.25,1,0,266.25,8.875,Low Value
15247.0,620.06,2,59,310.03,1219.4513333333332,Medium Value
15248.0,1893.93,3,122,631.3100000000001,7701.982000000001,High Value
15249.0,2577.54,5,193,515.508,16582.174,VIP
15250.0,60.0,1,0,60.0,2.0,Low Value
15251.0,9839.55,10,265,983.9549999999999,86916.025,VIP
15252.0,1362.63,3,190,454.21000000000004,8629.99,High Value
15253.0,1136.89,3,183,378.96333333333337,6935.029,High Value
15254.0,787.99,2,14,393.995,367.7286666666667,Medium Value
15255.0,2838.57,8,340,354.82125,32170.460000000003,VIP
15256.0,71.95,1,0,71.95,2.3983333333333334,Low Value
15257.0,368.75,1,0,368.75,12.291666666666666,Medium Value
15259.0,1182.3799999999999,4,169,295.59499999999997,6660.740666666667,High Value
15260.0,7377.46,20,361,368.873,88775.43533333333,VIP
15261.0,1253.18,3,52,417.7266666666667,2172.1786666666667,Medium Value
15262.0,239.87,2,107,119.935,855.5363333333333,Medium Value
15264.0,454.66,1,0,454.66,15.155333333333333,Medium Value
15265.0,1839.52,2,133,919.76,8155.205333333333,High Value
15266.0,732.91,4,322,183.2275,7866.5673333333325,High Value
15268.0,961.9000000000001,3,126,320.6333333333334,4039.9800000000005,High Value
15269.0,816.56,2,10,408.28,272.1866666666666,Medium Value
15270.0,6145.37,14,321,438.955,65755.45899999999,VIP
15271.0,2202.4700000000003,10,125,220.247,9176.958333333336,High Value
15272.0,1363.54,4,213,340.885,9681.134,High Value
15273.0,228.96,1,0,228.96,7.632000000000001,Low Value
15276.0,514.22,3,40,171.40666666666667,685.6266666666667,Medium Value
15277.0,220.44,1,0,220.44,7.348,Low Value
15278.0,496.15999999999997,4,103,124.03999999999999,1703.4826666666665,Medium Value
15279.0,1290.03,4,295,322.5075,12685.295,VIP
15280.0,293.09999999999997,2,82,146.54999999999998,801.1399999999999,Medium Value
15281.0,6211.42,7,49,887.3457142857143,10145.319333333333,High Value
15282.0,348.59,1,0,348.59,11.619666666666665,Low Value
15283.0,148.33,3,127,49.443333333333335,627.9303333333334,Medium Value
15284.0,24.75,1,0,24.75,0.825,Low Value
15285.0,94.92,1,0,94.92,3.164,Low Value
15287.0,369.34000000000003,3,357,123.11333333333334,4395.146000000001,High Value
15288.0,1576.6100000000001,6,299,262.7683333333334,15713.546333333335,VIP
15289.0,653.3100000000001,2,163,326.65500000000003,3549.6510000000003,High Value
15290.0,2553.06,8,260,319.1325,22126.519999999997,VIP
15291.0,9178.26,26,362,353.01,110751.004,VIP
15293.0,247.5,1,0,247.5,8.25,Low Value
15294.0,233.35,1,0,233.35,7.778333333333333,Low Value
15295.0,217.23999999999998,1,0,217.23999999999998,7.2413333333333325,Low Value
15296.0,6669.97,6,266,1111.6616666666666,59140.40066666666,VIP
15298.0,4659.47,12,364,388.2891666666667,56534.90266666667,VIP
15299.0,3484.5299999999997,6,324,580.755,37632.924,VIP
15301.0,2533.09,6,81,422.1816666666667,6839.343000000001,High Value
15302.0,308.0,1,0,308.0,10.266666666666666,Low Value
15303.0,650.16,2,118,325.08,2557.296,High Value
15304.0,225.15,2,53,112.575,397.765,Medium Value
15305.0,93.6,1,0,93.6,3.1199999999999997,Low Value
15306.0,2310.38,6,158,385.06333333333333,12168.001333333334,High Value
15309.0,797.96,4,124,199.49,3298.234666666667,High Value
15310.0,1634.64,1,0,1634.64,54.488,Medium Value
15311.0,56003.26,121,373,462.83685950413224,696307.1993333334,VIP
15312.0,2005.3400000000001,8,340,250.66750000000002,22727.18666666667,VIP
15314.0,492.47999999999996,2,14,246.23999999999998,229.82399999999998,Medium Value
15317.0,129.75,1,0,129.75,4.325,Low Value
15321.0,3961.42,9,237,440.15777777777777,31295.218,VIP
15322.0,711.18,1,0,711.18,23.706,Medium Value
15323.0,434.6,3,99,144.86666666666667,1434.18,Medium Value
15324.0,140.22000000000003,1,0,140.22000000000003,4.674000000000001,Low Value
15325.0,1439.72,7,265,205.67428571428573,12717.526666666668,VIP
15326.0,1388.81,4,129,347.2025,5971.883,High Value
15328.0,107.24,1,0,107.24,3.5746666666666664,Low Value
15329.0,1934.63,8,350,241.82875,22570.683333333334,VIP
15331.0,767.91,3,109,255.97,2790.073,High Value
15332.0,4892.68,6,147,815.4466666666667,23974.132,VIP
15336.0,240.5,1,0,240.5,8.016666666666666,Low Value
15337.0,373.02,1,0,373.02,12.434,Medium Value
15338.0,283.43,1,0,283.43,9.447666666666667,Low Value
15339.0,1253.77,5,248,250.754,10364.498666666668,High Value
15340.0,105.5,1,0,105.5,3.5166666666666666,Low Value
15341.0,382.2,1,0,382.2,12.74,Medium Value
15346.0,343.7,2,5,171.85,57.28333333333333,Medium Value
15347.0,1162.0,4,71,290.5,2750.0666666666666,High Value
15350.0,547.6,2,9,273.8,164.28,Medium Value
15351.0,1778.18,4,62,444.545,3674.905333333334,High Value
15352.0,114.95,1,0,114.95,3.8316666666666666,Low Value
15353.0,2398.93,6,370,399.82166666666666,29586.803333333333,VIP
15354.0,284.4,3,0,94.8,9.479999999999999,Low Value
15356.0,698.45,4,54,174.6125,1257.21,Medium Value
15358.0,8703.210000000001,22,366,395.60045454545457,106179.16200000001,VIP
15359.0,181.35,8,30,22.66875,181.35,Medium Value
15361.0,270.15000000000003,3,17,90.05000000000001,153.085,Medium Value
15362.0,613.08,2,290,306.54,5926.44,High Value
15363.0,678.11,2,120,339.055,2712.44,High Value
15365.0,2242.81,6,269,373.8016666666667,20110.529666666665,VIP
15366.0,1786.57,5,241,357.31399999999996,14352.11233333333,VIP
15367.0,3203.74,7,311,457.6771428571428,33212.104666666666,VIP
15368.0,275.8,1,0,275.8,9.193333333333333,Low Value
15369.0,6251.26,11,239,568.2963636363637,49801.70466666668,VIP
15370.0,1352.96,1,0,1352.96,45.09866666666667,Medium Value
15371.0,59.400000000000006,1,0,59.400000000000006,1.9800000000000002,Low Value
15372.0,4009.66,7,213,572.8085714285714,28468.586,VIP
15373.0,1005.48,6,215,167.58,7205.9400000000005,High Value
15374.0,139.32,1,0,139.32,4.644,Low Value
15375.0,60.959999999999994,1,0,60.959999999999994,2.0319999999999996,Low Value
15377.0,1211.75,4,32,302.9375,1292.5333333333333,Medium Value
15378.0,246.5,2,39,123.25,320.45,Medium Value
15379.0,1174.55,1,0,1174.55,39.151666666666664,Medium Value
15380.0,1788.8,7,373,255.54285714285714,22240.746666666666,VIP
15381.0,1293.72,3,159,431.24,6856.716,High Value
15382.0,7777.84,6,360,1296.3066666666666,93334.08,VIP
15384.0,1385.38,2,210,692.69,9697.66,High Value
15385.0,625.2,2,284,312.6,5918.56,High Value
15387.0,468.65,1,0,468.65,15.621666666666666,Medium Value
15389.0,2233.8,4,281,558.45,20923.260000000002,VIP
15390.0,1216.66,2,12,608.33,486.66400000000004,Medium Value
15391.0,289.87,1,0,289.87,9.662333333333333,Low Value
15392.0,1376.0900000000001,3,56,458.6966666666667,2568.7013333333334,High Value
15393.0,659.48,3,156,219.82666666666668,3429.2960000000003,High Value
15394.0,3103.26,7,328,443.3228571428572,33928.976,VIP
15396.0,508.20000000000005,1,0,508.20000000000005,16.94,Medium Value
15400.0,586.1,3,140,195.36666666666667,2735.1333333333337,High Value
15401.0,216.95000000000002,2,116,108.47500000000001,838.8733333333334,Medium Value
15402.0,1203.77,4,204,300.9425,8185.6359999999995,High Value
15403.0,170.88,2,238,85.44,1355.648,Medium Value
15404.0,257.06,1,0,257.06,8.568666666666667,Low Value
15405.0,310.74,1,0,310.74,10.358,Low Value
15406.0,465.15999999999997,2,0,232.57999999999998,15.505333333333333,Medium Value
15409.0,131.25,1,0,131.25,4.375,Low Value
15410.0,1234.88,2,31,617.44,1276.042666666667,Medium Value
15413.0,6798.72,5,47,1359.7440000000001,10651.328000000001,High Value
15416.0,588.5,3,197,196.16666666666666,3864.483333333333,High Value
15418.0,452.32,2,161,226.16,2427.4506666666666,High Value
15420.0,743.0,6,300,123.83333333333333,7430.0,High Value
15421.0,2854.98,6,346,475.83,32927.436,VIP
15422.0,1522.27,5,291,304.454,14766.018999999998,VIP
15423.0,223.39,2,39,111.695,290.407,Medium Value
15424.0,214.44,1,0,214.44,7.148,Low Value
15425.0,1944.57,4,263,486.1425,17047.397,VIP
15426.0,1168.0,5,216,233.6,8409.6,High Value
15428.0,668.97,3,334,222.99,7447.866,High Value
15430.0,954.75,2,60,477.375,1909.5,Medium Value
15431.0,153.24,1,0,153.24,5.1080000000000005,Low Value
15432.0,149.57,1,0,149.57,4.985666666666666,Low Value
15434.0,1525.5800000000002,6,310,254.26333333333335,15764.32666666667,VIP
15437.0,193.29000000000002,1,0,193.29000000000002,6.4430000000000005,Low Value
15439.0,1269.05,4,248,317.2625,10490.813333333334,High Value
15441.0,1254.21,3,334,418.07,13963.538,VIP
15443.0,1939.02,7,168,277.0028571428571,10858.511999999999,High Value
15445.0,171.0,1,0,171.0,5.7,Low Value
15446.0,406.95,3,349,135.65,4734.185,High Value
15447.0,337.71000000000004,4,97,84.42750000000001,1091.929,Medium Value
15448.0,294.17,1,0,294.17,9.805666666666667,Low Value
15451.0,233.21,2,164,116.605,1274.8813333333335,Medium Value
15452.0,1260.38,3,121,420.1266666666667,5083.532666666667,High Value
15454.0,128.59,1,0,128.59,4.286333333333333,Low Value
15455.0,38.25,1,0,38.25,1.275,Low Value
15456.0,1672.05,7,328,238.8642857142857,18281.079999999998,VIP
15458.0,208.79999999999998,1,0,208.79999999999998,6.959999999999999,Low Value
15459.0,202.82999999999998,2,80,101.41499999999999,540.8799999999999,Medium Value
15461.0,429.7,2,170,214.85,2434.9666666666667,High Value
15462.0,502.45,1,0,502.45,16.74833333333333,Medium Value
15465.0,5301.03,15,360,353.402,63612.36,VIP
15466.0,1236.48,3,347,412.16,14301.952,VIP
15468.0,962.97,1,0,962.97,32.099000000000004,Medium Value
15469.0,335.7,1,0,335.7,11.19,Low Value
15470.0,63.419999999999995,1,0,63.419999999999995,2.114,Low Value
15471.0,847.0799999999999,2,170,423.53999999999996,4800.12,High Value
15473.0,274.8,1,0,274.8,9.16,Low Value
15474.0,163.1,1,0,163.1,5.4366666666666665,Low Value
15476.0,2209.98,4,62,552.495,4567.292,High Value
15477.0,368.4,1,0,368.4,12.28,Medium Value
15478.0,583.56,1,0,583.56,19.451999999999998,Medium Value
15479.0,147.4,1,0,147.4,4.913333333333333,Low Value
15480.0,5373.5,4,210,1343.375,37614.5,VIP
15481.0,1993.34,1,0,1993.34,66.44466666666666,Medium Value
15482.0,3537.6,7,350,505.37142857142857,41272.0,VIP
15483.0,628.39,6,298,104.73166666666667,6242.007333333333,High Value
15484.0,1061.69,2,194,530.845,6865.595333333334,High Value
15485.0,3196.51,5,364,639.302,38784.32133333333,VIP
15486.0,102.0,1,0,102.0,3.4,Low Value
15487.0,231.32,1,0,231.32,7.710666666666667,Low Value
15488.0,340.6,4,126,85.15,1430.5200000000002,Medium Value
15489.0,1285.3300000000002,5,292,257.06600000000003,12510.545333333333,VIP
15490.0,217.6,1,0,217.6,7.253333333333333,Low Value
15493.0,2313.18,4,265,578.295,20433.09,VIP
15494.0,2480.82,3,250,826.94,20673.500000000004,VIP
15495.0,246.5,1,0,246.5,8.216666666666667,Low Value
15496.0,146.14000000000001,1,0,146.14000000000001,4.871333333333334,Low Value
15497.0,7395.19,7,338,1056.4557142857143,83319.14066666667,VIP
15498.0,12723.18,19,356,669.641052631579,150981.736,VIP
15499.0,161.6,1,0,161.6,5.386666666666667,Low Value
15501.0,402.5,2,10,201.25,134.16666666666666,Medium Value
15502.0,3608.54,5,186,721.708,22372.948,VIP
15503.0,120.06,1,0,120.06,4.002,Low Value
15504.0,371.02,3,144,123.67333333333333,1780.896,Medium Value
15506.0,1060.77,3,96,353.59,3394.464,High Value
15509.0,166.51,1,0,166.51,5.550333333333333,Low Value
15512.0,210.58,2,285,105.29,2000.5100000000002,Medium Value
15513.0,12992.33,18,329,721.7961111111111,142482.55233333333,VIP
15514.0,2459.09,7,355,351.29857142857145,29099.23166666667,VIP
15515.0,171.81,1,0,171.81,5.727,Low Value
15518.0,2276.4900000000002,7,340,325.21285714285716,25800.220000000005,VIP
15519.0,344.61,2,63,172.305,723.681,Medium Value
15521.0,4106.49,8,303,513.31125,41475.549,VIP
15523.0,16947.98,15,349,1129.8653333333334,197161.50066666666,VIP
15524.0,151.4,1,0,151.4,5.046666666666667,Low Value
15525.0,469.78,2,9,234.89,140.934,Medium Value
15527.0,3145.86,15,329,209.72400000000002,34499.598,VIP
15529.0,1116.72,2,27,558.36,1005.048,Medium Value
15530.0,311.37,1,0,311.37,10.379,Low Value
15532.0,2190.9700000000003,6,173,365.1616666666667,12634.593666666668,VIP
15534.0,162.25,1,0,162.25,5.408333333333333,Low Value
15535.0,551.42,2,44,275.71,808.7493333333332,Medium Value
15536.0,259.09,1,0,259.09,8.636333333333333,Low Value
15538.0,3358.3999999999996,6,125,559.7333333333332,13993.333333333332,VIP
15540.0,247.38,1,0,247.38,8.246,Low Value
15542.0,918.45,3,225,306.15000000000003,6888.375,High Value
15543.0,114.98,1,0,114.98,3.832666666666667,Low Value
15544.0,4615.72,12,307,384.6433333333334,47234.20133333333,VIP
15545.0,135.32999999999998,1,0,135.32999999999998,4.510999999999999,Low Value
15546.0,1079.1000000000001,2,0,539.5500000000001,35.970000000000006,Medium Value
15547.0,5199.55,12,357,433.29583333333335,61874.645000000004,VIP
15548.0,158.09,1,0,158.09,5.269666666666667,Low Value
15549.0,652.7,5,276,130.54000000000002,6004.84,High Value
15550.0,1643.17,8,357,205.39625,19553.723,VIP
15551.0,1274.02,6,155,212.33666666666667,6582.4366666666665,High Value
15552.0,162.4,1,0,162.4,5.413333333333333,Low Value
15555.0,7307.18,22,368,332.1445454545455,89634.74133333335,VIP
15558.0,214.13,1,0,214.13,7.137666666666666,Low Value
15559.0,1109.4,1,0,1109.4,36.980000000000004,Medium Value
15560.0,153.52,2,0,76.76,5.117333333333334,Low Value
15561.0,1133.8,4,279,283.45,10544.34,High Value
15562.0,538.83,2,301,269.415,5406.261,High Value
15563.0,1466.56,3,166,488.8533333333333,8114.965333333333,High Value
15564.0,70.74000000000001,2,212,35.370000000000005,499.8960000000001,Medium Value
15566.0,227.87,2,331,113.935,2514.1656666666668,High Value
15569.0,2210.64,5,258,442.128,19011.503999999997,VIP
15570.0,5145.52,14,251,367.5371428571429,43050.85066666667,VIP
15571.0,3401.2,10,347,340.12,39340.54666666666,VIP
15572.0,1515.81,3,223,505.27,11267.521,High Value
15573.0,599.73,3,110,199.91,2199.0099999999998,Medium Value
15574.0,816.4499999999999,3,92,272.15,2503.7799999999997,High Value
15575.0,30.1,1,0,30.1,1.0033333333333334,Low Value
15577.0,139.1,2,2,69.55,9.273333333333333,Low Value
15579.0,953.9,3,49,317.96666666666664,1558.0366666666664,Medium Value
15580.0,1381.19,8,293,172.64875,13489.622333333335,VIP
15581.0,4114.62,26,371,158.2546153846154,50884.134,VIP
15583.0,107.86,1,0,107.86,3.595333333333333,Low Value
15584.0,552.39,2,270,276.195,4971.51,High Value
15586.0,1139.1,3,108,379.7,4100.76,High Value
15587.0,608.4000000000001,3,99,202.80000000000004,2007.7200000000003,Medium Value
15588.0,579.6,1,0,579.6,19.32,Medium Value
15590.0,1496.6,5,224,299.32,11174.613333333333,High Value
15591.0,217.9,3,91,72.63333333333334,660.9633333333334,Medium Value
15595.0,357.6,1,0,357.6,11.92,Low Value
15596.0,1723.45,5,134,344.69,7698.076666666667,High Value
15597.0,238.8,1,0,238.8,7.96,Low Value
15598.0,307.34,1,0,307.34,10.244666666666665,Low Value
15599.0,488.32,1,0,488.32,16.27733333333333,Medium Value
15600.0,1199.31,4,165,299.8275,6596.205,High Value
15601.0,8183.56,17,365,481.3858823529412,99566.64666666667,VIP
15602.0,1932.64,8,369,241.58,23771.472,VIP
15603.0,40.0,1,0,40.0,1.3333333333333333,Low Value
15605.0,738.57,5,320,147.714,7878.079999999999,High Value
15606.0,2310.83,8,257,288.85375,19796.11033333333,VIP
15607.0,1604.21,8,156,200.52625,8341.892,High Value
15608.0,692.3,1,0,692.3,23.076666666666664,Medium Value
15611.0,1405.83,13,299,108.14076923076922,14011.439,VIP
15613.0,433.71999999999997,1,0,433.71999999999997,14.457333333333333,Medium Value
15614.0,3147.36,4,188,786.84,19723.456000000002,VIP
15615.0,10974.23,24,346,457.2595833333333,126569.45266666666,VIP
15616.0,317.11,1,0,317.11,10.570333333333334,Low Value
15617.0,828.5500000000001,3,111,276.18333333333334,3065.6349999999998,High Value
15620.0,389.18,1,0,389.18,12.972666666666667,Medium Value
15622.0,4143.05,8,218,517.88125,30106.163333333334,VIP
15623.0,2136.02,7,335,305.1457142857143,23852.22333333333,VIP
15625.0,1702.1399999999999,5,165,340.428,9361.769999999999,High Value
15626.0,391.72,1,0,391.72,13.057333333333334,Medium Value
15627.0,566.9,2,65,283.45,1228.2833333333333,Medium Value
15628.0,2782.02,9,359,309.11333333333334,33291.506,VIP
15629.0,2240.9,4,82,560.225,6125.126666666667,High Value
15630.0,295.05,1,0,295.05,9.835,Low Value
15631.0,596.67,1,0,596.67,19.889,Medium Value
15633.0,4352.46,13,221,334.8046153846154,32063.122,VIP
15634.0,311.1,1,0,311.1,10.370000000000001,Low Value
15635.0,100.35,1,0,100.35,3.3449999999999998,Low Value
15636.0,719.82,2,132,359.91,3167.2080000000005,High Value
15637.0,574.23,4,310,143.5575,5933.710000000001,High Value
15638.0,2265.2,6,231,377.5333333333333,17442.039999999997,VIP
15639.0,639.76,2,153,319.88,3262.776,High Value
15640.0,11441.92,15,352,762.7946666666667,134251.86133333333,VIP
15641.0,3458.35,8,336,432.29375,38733.52,VIP
15642.0,105.78000000000002,1,0,105.78000000000002,3.5260000000000002,Low Value
15645.0,443.16,2,11,221.58,162.492,Medium Value
15646.0,526.97,3,38,175.65666666666667,667.4953333333333,Medium Value
15647.0,169.0,1,0,169.0,5.633333333333333,Low Value
15649.0,1354.35,3,19,451.45,857.7549999999999,Medium Value
15650.0,553.88,2,106,276.94,1957.0426666666665,Medium Value
15651.0,612.76,2,176,306.38,3594.8586666666665,High Value
15652.0,1082.6,4,97,270.65,3500.4066666666663,High Value
15658.0,1399.3700000000001,4,363,349.84250000000003,16932.377,VIP
15659.0,226.04,2,266,113.02,2004.2213333333334,Medium Value
15660.0,1212.13,7,306,173.1614285714286,12363.726,VIP
15661.0,906.15,6,199,151.025,6010.795000000001,High Value
15662.0,283.73,2,77,141.865,728.2403333333334,Medium Value
15664.0,867.6,3,200,289.2,5784.0,High Value
15665.0,1773.11,3,223,591.0366666666666,13180.117666666667,VIP
15666.0,632.9399999999999,2,23,316.46999999999997,485.25399999999996,Medium Value
15670.0,152.15,1,0,152.15,5.071666666666667,Low Value
15672.0,45.300000000000004,1,0,45.300000000000004,1.5100000000000002,Low Value
15673.0,3533.77,5,203,706.754,23911.843666666668,VIP
15674.0,4501.63,8,313,562.70375,46967.00633333334,VIP
15675.0,218.35,1,0,218.35,7.278333333333333,Low Value
15677.0,648.4,2,42,324.2,907.7599999999999,Medium Value
15678.0,1541.19,2,127,770.595,6524.371,High Value
15680.0,3173.9,8,371,396.7375,39250.56333333334,VIP
15681.0,1563.54,9,185,173.72666666666666,9641.83,High Value
15682.0,318.24,2,88,159.12,933.5039999999999,Medium Value
15683.0,330.79,1,0,330.79,11.026333333333334,Low Value
15684.0,173.95,3,188,57.98333333333333,1090.0866666666666,Medium Value
15685.0,55.980000000000004,1,0,55.980000000000004,1.866,Low Value
15686.0,90.0,1,0,90.0,3.0,Low Value
15688.0,190.57,1,0,190.57,6.352333333333333,Low Value
15689.0,266.93,1,0,266.93,8.897666666666666,Low Value
15691.0,434.5,3,338,144.83333333333334,4895.366666666667,High Value
15693.0,37.5,1,0,37.5,1.25,Low Value
15694.0,4331.41,12,366,360.9508333333333,52843.202,VIP
15695.0,721.06,2,83,360.53,1994.9326666666664,Medium Value
15696.0,1170.1100000000001,5,260,234.02200000000002,10140.953333333333,High Value
15697.0,246.75,1,0,246.75,8.225,Low Value
15698.0,46.2,1,0,46.2,1.54,Low Value
15702.0,140.39000000000001,2,205,70.19500000000001,959.3316666666667,Medium Value
15704.0,1524.3400000000001,2,81,762.1700000000001,4115.718000000001,High Value
15708.0,1014.48,3,55,338.16,1859.8799999999999,Medium Value
15709.0,194.6,1,0,194.6,6.486666666666666,Low Value
15710.0,898.87,1,0,898.87,29.962333333333333,Medium Value
15711.0,420.25,2,128,210.125,1793.0666666666666,Medium Value
15712.0,2400.05,7,359,342.86428571428576,28720.598333333335,VIP
15713.0,654.09,3,357,218.03,7783.671,High Value
15714.0,453.93,3,102,151.31,1543.362,Medium Value
15715.0,658.02,5,63,131.60399999999998,1381.842,Medium Value
15716.0,1938.0,8,362,242.25,23385.2,VIP
15717.0,456.70000000000005,4,171,114.17500000000001,2603.1900000000005,High Value
15718.0,293.79,1,0,293.79,9.793000000000001,Low Value
15719.0,5177.45,18,357,287.6361111111111,61611.655,VIP
15720.0,143.19,1,0,143.19,4.773,Low Value
15722.0,3035.54,6,195,505.92333333333335,19731.01,VIP
15723.0,744.55,3,162,248.1833333333333,4020.57,High Value
15724.0,92.6,1,0,92.6,3.0866666666666664,Low Value
15726.0,321.91,1,0,321.91,10.730333333333334,Low Value
15727.0,4266.55,8,297,533.31875,42238.845,VIP
15728.0,544.6,2,64,272.3,1161.8133333333333,Medium Value
15729.0,107.55000000000001,2,3,53.775000000000006,10.755000000000003,Low Value
15730.0,605.7,2,49,302.85,989.3100000000001,Medium Value
15731.0,125.3,1,0,125.3,4.176666666666667,Low Value
15732.0,1387.95,9,301,154.21666666666667,13925.765,VIP
15734.0,923.85,2,110,461.925,3387.45,High Value
15735.0,327.68,1,0,327.68,10.922666666666666,Low Value
15736.0,1815.72,2,0,907.86,60.524,Medium Value
15738.0,8560.550000000001,26,356,329.2519230769231,101585.19333333334,VIP
15741.0,208.62,2,160,104.31,1112.6399999999999,Medium Value
15742.0,156.87,1,0,156.87,5.229,Low Value
15747.0,1588.57,6,314,264.76166666666666,16627.032666666666,VIP
15748.0,465.45000000000005,2,0,232.72500000000002,15.515,Medium Value
15750.0,4331.711,12,371,360.9759166666667,53568.82603333334,VIP
15751.0,1380.44,11,272,125.49454545454546,12515.989333333333,VIP
15752.0,1570.16,3,84,523.3866666666667,4396.447999999999,High Value
15754.0,2579.04,6,161,429.84,13840.847999999998,VIP
15755.0,3628.87,11,356,329.8972727272727,43062.59066666667,VIP
15757.0,2225.94,4,160,556.485,11871.68,High Value
15759.0,577.8900000000001,4,226,144.47250000000003,4353.438000000001,High Value
15760.0,13916.34,2,0,6958.17,463.878,Medium Value
15761.0,143.05,1,0,143.05,4.7683333333333335,Low Value
15764.0,1223.1100000000001,2,44,611.5550000000001,1793.8946666666668,Medium Value
15765.0,370.63,1,0,370.63,12.354333333333333,Medium Value
15766.0,516.0,2,225,258.0,3870.0,High Value
15768.0,14979.26,31,260,483.20193548387095,129820.25333333333,VIP
15769.0,32451.6,21,357,1545.3142857142857,386174.04,VIP
15770.0,321.45,1,0,321.45,10.715,Low Value
15771.0,1006.54,3,89,335.5133333333333,2986.0686666666666,High Value
15772.0,280.88,1,0,280.88,9.362666666666666,Low Value
15773.0,138.84,1,0,138.84,4.628,Low Value
15774.0,1059.14,5,238,211.82800000000003,8402.510666666667,High Value
15775.0,45.6,1,0,45.6,1.52,Low Value
15777.0,715.5,3,172,238.5,4102.2,High Value
15778.0,307.95,1,0,307.95,10.264999999999999,Low Value
15779.0,124.08000000000001,2,69,62.040000000000006,285.384,Medium Value
15782.0,1399.36,1,0,1399.36,46.645333333333326,Medium Value
15784.0,848.3299999999999,2,204,424.16499999999996,5768.643999999999,High Value
15785.0,3640.96,11,345,330.99636363636364,41871.04,VIP
15786.0,3582.62,2,118,1791.31,14091.638666666666,VIP
15788.0,221.82999999999998,1,0,221.82999999999998,7.394333333333333,Low Value
15789.0,1610.71,5,192,322.142,10308.544000000002,High Value
15791.0,1995.65,3,112,665.2166666666667,7450.426666666667,High Value
15792.0,933.84,2,218,466.92,6785.904,High Value
15793.0,1433.96,5,359,286.79200000000003,17159.721333333335,VIP
15794.0,777.0,2,0,388.5,25.9,Medium Value
15795.0,1369.8600000000001,7,260,195.69428571428574,11872.12,High Value
15796.0,2464.27,9,243,273.8077777777778,19960.587000000003,VIP
15797.0,613.6800000000001,2,100,306.84000000000003,2045.6000000000004,Medium Value
15798.0,1535.37,3,188,511.78999999999996,9621.652,High Value
15799.0,540.15,1,0,540.15,18.005,Medium Value
15800.0,543.5,5,165,108.7,2989.25,High Value
15803.0,1513.84,3,230,504.6133333333333,11606.106666666667,High Value
15805.0,4660.75,13,343,358.5192307692308,53287.90833333333,VIP
15807.0,913.62,2,257,456.81,7826.678,High Value
15808.0,14674.960000000001,18,368,815.2755555555556,180012.8426666667,VIP
15809.0,758.67,2,75,379.335,1896.675,Medium Value
15810.0,1607.06,4,286,401.765,15320.638666666666,VIP
15811.0,1671.9,2,22,835.95,1226.06,Medium Value
15812.0,3400.33,7,288,485.76142857142855,32643.167999999998,VIP
15814.0,689.11,2,210,344.555,4823.77,High Value
15816.0,144.14999999999998,2,0,72.07499999999999,4.804999999999999,Low Value
15817.0,2766.4,3,122,922.1333333333333,11250.026666666667,High Value
15818.0,340.5,1,0,340.5,11.35,Low Value
15819.0,2029.34,6,200,338.2233333333333,13528.933333333332,VIP
15822.0,954.59,4,240,238.6475,7636.72,High Value
15823.0,3882.17,3,358,1294.0566666666666,46327.22866666667,VIP
15824.0,890.94,2,78,445.47,2316.4440000000004,Medium Value
15826.0,943.97,1,0,943.97,31.465666666666667,Medium Value
15827.0,1957.98,16,328,122.37375,21407.248,VIP
15828.0,1108.82,1,0,1108.82,36.96066666666666,Medium Value
15833.0,80.4,1,0,80.4,2.68,Low Value
15834.0,1539.24,3,47,513.08,2411.4760000000006,High Value
15837.0,385.03000000000003,1,0,385.03000000000003,12.834333333333333,Medium Value
15838.0,40519.92,16,357,2532.495,482187.048,VIP
15841.0,1518.35,5,343,303.66999999999996,17359.801666666666,VIP
15842.0,548.8,2,134,274.4,2451.3066666666664,High Value
15845.0,714.51,3,145,238.17,3453.4649999999997,High Value
15846.0,107.01,1,0,107.01,3.567,Low Value
15847.0,433.3,3,213,144.43333333333334,3076.43,High Value
15848.0,139.94,1,0,139.94,4.664666666666666,Low Value
15850.0,819.87,4,349,204.9675,9537.821,High Value
15851.0,109.73,1,0,109.73,3.6576666666666666,Low Value
15852.0,96.55,1,0,96.55,3.2183333333333333,Low Value
15854.0,2609.16,9,352,289.90666666666664,30614.143999999997,VIP
15855.0,340.48,1,0,340.48,11.349333333333334,Low Value
15856.0,17832.77,26,370,685.8757692307693,219937.49666666667,VIP
15857.0,273.48,1,0,273.48,9.116,Low Value
15858.0,2521.52,9,362,280.1688888888889,30426.341333333334,VIP
15859.0,438.46,1,0,438.46,14.615333333333332,Medium Value
15860.0,1528.0,10,364,152.8,18539.733333333334,VIP
15861.0,1236.43,4,224,309.1075,9232.010666666667,High Value
15862.0,2095.41,10,348,209.541,24306.755999999998,VIP
15863.0,289.86,3,105,96.62,1014.51,Medium Value
15864.0,244.44000000000003,1,0,244.44000000000003,8.148000000000001,Low Value
15865.0,1353.79,2,290,676.895,13086.636666666665,VIP
15867.0,5251.31,17,355,308.90058823529415,62140.50166666668,VIP
15868.0,94.53,1,0,94.53,3.151,Low Value
15869.0,174.02,1,0,174.02,5.800666666666667,Low Value
15870.0,508.52,3,49,169.50666666666666,830.5826666666666,Medium Value
15871.0,33.099999999999994,1,0,33.099999999999994,1.103333333333333,Low Value
15872.0,434.75,2,171,217.375,2478.0750000000003,High Value
15873.0,313.91999999999996,4,1,78.47999999999999,10.463999999999999,Low Value
15874.0,6878.88,14,313,491.34857142857146,71769.648,VIP
15875.0,111.72,1,0,111.72,3.7239999999999998,Low Value
15876.0,1449.1399999999999,2,39,724.5699999999999,1883.8819999999998,Medium Value
15878.0,330.77,2,171,165.385,1885.389,Medium Value
15879.0,1157.3,4,317,289.325,12228.803333333333,High Value
15880.0,343.28000000000003,1,0,343.28000000000003,11.442666666666668,Low Value
15882.0,979.62,6,360,163.27,11755.440000000002,High Value
15884.0,249.70000000000002,2,303,124.85000000000001,2521.9700000000003,High Value
15885.0,1572.47,12,303,131.03916666666666,15881.946999999998,VIP
15886.0,871.78,3,181,290.5933333333333,5259.739333333333,High Value
15887.0,1027.15,3,148,342.3833333333334,5067.273333333334,High Value
15888.0,260.85,2,125,130.425,1086.8750000000002,Medium Value
15889.0,1359.41,7,360,194.20142857142858,16312.920000000002,VIP
15890.0,535.65,5,210,107.13,3749.5499999999997,High Value
15892.0,128.2,1,0,128.2,4.2733333333333325,Low Value
15893.0,305.28000000000003,1,0,305.28000000000003,10.176,Low Value
15894.0,156.74,1,0,156.74,5.224666666666667,Low Value
15898.0,4207.43,22,360,191.24681818181818,50489.16,VIP
15899.0,56.25,1,0,56.25,1.875,Low Value
15900.0,549.29,3,148,183.09666666666666,2709.8306666666667,High Value
15901.0,339.34,4,92,84.835,1040.6426666666666,Medium Value
15902.0,145.01,1,0,145.01,4.833666666666666,Low Value
15903.0,3813.0800000000004,5,316,762.6160000000001,40164.44266666667,VIP
15905.0,114.69,1,0,114.69,3.823,Low Value
15906.0,987.95,3,76,329.31666666666666,2502.806666666667,High Value
15908.0,764.57,2,21,382.285,535.199,Medium Value
15910.0,1449.6200000000001,7,287,207.08857142857144,13868.031333333334,VIP
15911.0,1702.34,8,106,212.7925,6014.934666666666,High Value
15912.0,810.08,7,293,115.72571428571429,7911.781333333334,High Value
15913.0,6.300000000000001,1,0,6.300000000000001,0.21000000000000002,Low Value
15914.0,205.99,2,0,102.995,6.866333333333333,Low Value
15915.0,429.21,1,0,429.21,14.306999999999999,Medium Value
15916.0,1899.08,7,362,271.29714285714283,22915.565333333332,VIP
15917.0,437.53000000000003,4,131,109.38250000000001,1910.5476666666666,Medium Value
15918.0,248.65,1,0,248.65,8.288333333333334,Low Value
15919.0,270.72,1,0,270.72,9.024000000000001,Low Value
15920.0,404.14,5,301,80.828,4054.871333333333,High Value
15921.0,466.08,3,243,155.35999999999999,3775.247999999999,High Value
15922.0,369.5,1,0,369.5,12.316666666666666,Medium Value
15923.0,127.08,1,0,127.08,4.236,Low Value
15924.0,102.82,1,0,102.82,3.427333333333333,Low Value
15926.0,134.44,1,0,134.44,4.481333333333334,Low Value
15927.0,123.39,1,0,123.39,4.1129999999999995,Low Value
15928.0,293.53,1,0,293.53,9.784333333333333,Low Value
15929.0,594.0,1,0,594.0,19.8,Medium Value
15931.0,239.9,1,0,239.9,7.996666666666667,Low Value
15934.0,2190.66,2,11,1095.33,803.2419999999998,Medium Value
15936.0,282.79,2,88,141.395,829.5173333333333,Medium Value
15938.0,330.23,4,100,82.5575,1100.7666666666669,Medium Value
15939.0,2945.38,1,0,2945.38,98.17933333333333,Medium Value
15941.0,405.0,1,0,405.0,13.5,Medium Value
15943.0,271.28999999999996,2,28,135.64499999999998,253.20399999999998,Medium Value
15944.0,1839.1399999999999,3,332,613.0466666666666,20353.14933333333,VIP
15945.0,646.27,4,372,161.5675,8013.748,High Value
15946.0,2304.18,3,131,768.06,10061.585999999998,High Value
15948.0,553.85,1,0,553.85,18.461666666666666,Medium Value
15950.0,5415.2,6,307,902.5333333333333,55415.54666666666,VIP
15951.0,304.95,1,0,304.95,10.165,Low Value
15953.0,2010.1699999999998,11,367,182.74272727272725,24591.079666666665,VIP
15954.0,190.75,1,0,190.75,6.358333333333333,Low Value
15955.0,4242.1,9,281,471.3444444444445,39734.33666666667,VIP
15956.0,617.6,2,175,308.8,3602.6666666666665,High Value
15957.0,501.21,2,0,250.605,16.707,Medium Value
15958.0,388.64,3,147,129.54666666666665,1904.336,Medium Value
15959.0,579.49,3,0,193.16333333333333,19.316333333333333,Medium Value
15960.0,410.95,4,61,102.7375,835.5983333333332,Medium Value
15961.0,451.28999999999996,1,0,451.28999999999996,15.043,Medium Value
15962.0,295.83,1,0,295.83,9.860999999999999,Low Value
15964.0,272.96000000000004,1,0,272.96000000000004,9.098666666666668,Low Value
15965.0,2167.45,10,369,216.74499999999998,26659.635,VIP
15966.0,426.53000000000003,1,0,426.53000000000003,14.217666666666668,Medium Value
15967.0,2622.77,10,359,262.277,31385.814333333332,VIP
15968.0,418.05,1,0,418.05,13.935,Medium Value
15969.0,460.95,2,96,230.475,1475.04,Medium Value
15970.0,703.22,1,0,703.22,23.44066666666667,Medium Value
15971.0,1702.98,6,346,283.83,19641.036,VIP
15972.0,1810.27,5,143,362.054,8628.953666666666,High Value
15973.0,680.62,3,62,226.87333333333333,1406.6146666666668,Medium Value
15976.0,1315.7,4,140,328.925,6139.933333333334,High Value
15978.0,2180.64,2,211,1090.32,15337.168,VIP
15979.0,329.22,1,0,329.22,10.974,Low Value
15980.0,4194.82,4,65,1048.705,9088.776666666665,High Value
15981.0,5954.29,13,218,458.02230769230766,43267.84066666666,VIP
15982.0,324.51,1,0,324.51,10.817,Low Value
15983.0,2483.8,6,367,413.9666666666667,30385.153333333332,VIP
15984.0,5921.65,21,369,281.9833333333333,72836.29499999998,VIP
15985.0,1572.8600000000001,5,124,314.572,6501.154666666668,High Value
15986.0,186.3,1,0,186.3,6.21,Low Value
15987.0,230.85,2,10,115.425,76.94999999999999,Medium Value
15988.0,612.0600000000001,2,105,306.03000000000003,2142.21,Medium Value
15989.0,372.51,2,361,186.255,4482.537,High Value
15990.0,1217.94,5,155,243.58800000000002,6292.6900000000005,High Value
15991.0,150.55,1,0,150.55,5.0183333333333335,Low Value
15992.0,854.61,2,57,427.305,1623.759,Medium Value
15994.0,775.11,2,224,387.555,5787.488,High Value
15995.0,696.19,1,0,696.19,23.206333333333333,Medium Value
15996.0,626.22,2,31,313.11,647.094,Medium Value
15998.0,5218.37,11,345,474.3972727272727,60011.255,VIP
15999.0,20.4,1,0,20.4,0.6799999999999999,Low Value
16001.0,583.39,1,0,583.39,19.44633333333333,Medium Value
16002.0,169.21,1,0,169.21,5.640333333333333,Low Value
16003.0,2878.46,5,354,575.692,33965.828,VIP
16004.0,2146.39,5,208,429.27799999999996,14881.637333333332,VIP
16005.0,1820.83,6,74,303.47166666666664,4491.380666666667,High Value
16006.0,245.77,1,0,245.77,8.192333333333334,Low Value
16007.0,1373.2,3,159,457.73333333333335,7277.96,High Value
16008.0,4905.35,12,248,408.7791666666667,40550.89333333334,VIP
16010.0,1316.56,8,35,164.57,1535.9866666666667,Medium Value
16011.0,2517.75,14,372,179.83928571428572,31220.100000000002,VIP
16012.0,1574.5,2,128,787.25,6717.866666666667,High Value
16013.0,20315.84,39,360,520.9189743589743,243790.07999999996,VIP
16014.0,467.89,2,269,233.945,4195.413666666666,High Value
16016.0,1025.18,4,35,256.295,1196.0433333333335,Medium Value
16017.0,1341.95,4,286,335.4875,12793.256666666666,VIP
16018.0,289.23,2,336,144.615,3239.376,High Value
16019.0,13679.61,18,343,759.9783333333334,156403.541,VIP
16021.0,532.25,2,149,266.125,2643.508333333333,High Value
16024.0,232.96,2,0,116.48,7.765333333333333,Low Value
16027.0,1113.74,9,242,123.74888888888889,8984.169333333333,High Value
16028.0,82.2,1,0,82.2,2.74,Low Value
16029.0,41184.3,47,359,876.2617021276596,492838.79000000004,VIP
16032.0,1970.45,6,67,328.40833333333336,4400.671666666667,High Value
16033.0,2019.73,8,115,252.46625,7742.298333333334,High Value
16034.0,491.02,3,14,163.67333333333332,229.14266666666666,Medium Value
16035.0,217.73,1,0,217.73,7.257666666666666,Low Value
16036.0,1797.92,2,196,898.96,11746.410666666667,High Value
16037.0,654.32,2,103,327.16,2246.498666666667,Medium Value
16039.0,456.4,2,204,228.2,3103.52,High Value
16040.0,1103.35,4,179,275.8375,6583.321666666666,High Value
16042.0,1067.85,3,74,355.95,2634.0299999999997,High Value
16043.0,1082.6000000000001,4,102,270.65000000000003,3680.84,High Value
16044.0,340.84000000000003,1,0,340.84000000000003,11.361333333333334,Low Value
16045.0,2094.23,4,81,523.5575,5654.421,High Value
16046.0,235.78,1,0,235.78,7.859333333333333,Low Value
16047.0,107.14,1,0,107.14,3.5713333333333335,Low Value
16048.0,818.7900000000001,4,176,204.69750000000002,4803.568,High Value
16049.0,787.89,3,141,262.63,3703.083,High Value
16050.0,162.8,2,17,81.4,92.25333333333333,Medium Value
16051.0,188.44,1,0,188.44,6.281333333333333,Low Value
16053.0,2122.89,4,197,530.7225,13940.310999999998,VIP
16054.0,1327.98,3,198,442.66,8764.668,High Value
16057.0,1591.73,3,181,530.5766666666667,9603.437666666667,High Value
16058.0,62.7,1,0,62.7,2.09,Low Value
16059.0,1757.91,7,201,251.13000000000002,11777.997000000001,High Value
16060.0,541.95,3,93,180.65,1680.0450000000003,Medium Value
16061.0,89.65,1,0,89.65,2.9883333333333333,Low Value
16062.0,1709.83,4,157,427.4575,8948.110333333332,High Value
16064.0,111.0,1,0,111.0,3.6999999999999997,Low Value
16065.0,2010.53,8,97,251.31625,6500.7136666666665,High Value
16067.0,3395.29,3,112,1131.7633333333333,12675.749333333333,VIP
16068.0,122.93,1,0,122.93,4.097666666666667,Low Value
16069.0,457.7,1,0,457.7,15.256666666666666,Medium Value
16071.0,750.5600000000001,3,127,250.1866666666667,3177.370666666667,High Value
16072.0,3744.57,3,121,1248.19,15103.099,VIP
16074.0,265.25,1,0,265.25,8.841666666666667,Low Value
16075.0,736.9300000000001,2,61,368.46500000000003,1498.4243333333334,Medium Value
16077.0,2300.4,1,0,2300.4,76.68,Medium Value
16078.0,283.79,1,0,283.79,9.459666666666667,Low Value
16080.0,385.40000000000003,2,64,192.70000000000002,822.1866666666667,Medium Value
16081.0,1653.28,4,307,413.32,16918.565333333332,VIP
16082.0,106.75,1,0,106.75,3.558333333333333,Low Value
16083.0,1033.8,2,6,516.9,206.76,Medium Value
16085.0,1362.02,7,308,194.5742857142857,13983.405333333334,VIP
16086.0,1743.6,6,370,290.59999999999997,21504.4,VIP
16087.0,1739.92,5,300,347.98400000000004,17399.2,VIP
16088.0,1437.43,2,15,718.715,718.715,Medium Value
16089.0,271.44,2,122,135.72,1103.856,Medium Value
16090.0,205.91,1,0,205.91,6.863666666666666,Low Value
16092.0,770.08,3,74,256.6933333333333,1899.5306666666665,Medium Value
16094.0,2617.33,7,227,373.9042857142857,19804.463666666667,VIP
16095.0,447.05,1,0,447.05,14.901666666666667,Medium Value
16096.0,1264.3500000000001,3,228,421.45000000000005,9609.060000000001,High Value
16098.0,2442.47,8,351,305.30875,28576.898999999998,VIP
16099.0,841.3,4,229,210.325,6421.923333333333,High Value
16100.0,582.64,1,0,582.64,19.421333333333333,Medium Value
16101.0,1938.46,3,126,646.1533333333333,8141.532,High Value
16103.0,4762.07,16,311,297.629375,49366.79233333333,VIP
16104.0,2476.25,8,314,309.53125,25918.083333333332,VIP
16105.0,2049.23,4,165,512.3075,11270.765,High Value
16108.0,1393.42,3,197,464.47333333333336,9150.124666666667,High Value
16109.0,327.6,1,0,327.6,10.92,Low Value
16110.0,481.79,1,0,481.79,16.05966666666667,Medium Value
16111.0,562.48,1,0,562.48,18.749333333333333,Medium Value
16115.0,907.17,4,176,226.7925,5322.063999999999,High Value
16117.0,422.19,2,189,211.095,2659.797,High Value
16118.0,4376.25,1,0,4376.25,145.875,Medium Value
16119.0,1297.45,6,329,216.24166666666667,14228.701666666668,VIP
16120.0,1747.77,2,0,873.885,58.259,Medium Value
16121.0,609.98,3,175,203.32666666666668,3558.2166666666667,High Value
16122.0,316.92,3,58,105.64,612.712,Medium Value
16124.0,1523.49,3,314,507.83,15945.862000000001,VIP
16125.0,4298.3,14,358,307.0214285714286,51293.04666666667,VIP
16126.0,8359.03,11,358,759.9118181818183,99751.09133333334,VIP
16127.0,145.06,1,0,145.06,4.835333333333334,Low Value
16128.0,1920.83,6,130,320.1383333333333,8323.596666666666,High Value
16129.0,1396.05,3,100,465.34999999999997,4653.5,High Value
16130.0,987.48,4,195,246.87,6418.62,High Value
16131.0,6450.88,6,362,1075.1466666666668,77840.61866666668,VIP
16132.0,664.1999999999999,2,83,332.09999999999997,1837.6199999999997,Medium Value
16133.0,8403.22,23,241,365.3573913043478,67505.86733333333,VIP
16134.0,1527.25,3,117,509.0833333333333,5956.275,High Value
16135.0,301.9,1,0,301.9,10.063333333333333,Low Value
16136.0,237.42,1,0,237.42,7.914,Low Value
16137.0,422.7,1,0,422.7,14.09,Medium Value
16138.0,910.35,3,212,303.45,6433.139999999999,High Value
16139.0,475.74,2,13,237.87,206.15400000000002,Medium Value
16140.0,832.4200000000001,2,70,416.21000000000004,1942.3133333333337,Medium Value
16141.0,335.54,1,0,335.54,11.184666666666667,Low Value
16143.0,2485.89,7,360,355.1271428571428,29830.68,VIP
16145.0,3005.9500000000003,8,196,375.74375000000003,19638.873333333333,VIP
16146.0,212.25,1,0,212.25,7.075,Low Value
16147.0,2023.91,4,272,505.9775,18350.117333333335,VIP
16148.0,310.3,1,0,310.3,10.343333333333334,Low Value
16149.0,141.70000000000002,1,0,141.70000000000002,4.723333333333334,Low Value
16150.0,2342.57,6,350,390.42833333333334,27329.983333333334,VIP
16153.0,3309.2599999999998,6,141,551.5433333333333,15553.521999999999,VIP
16155.0,796.9,5,158,159.38,4197.006666666666,High Value
16156.0,3096.14,11,354,281.4672727272727,36534.452,VIP
16158.0,628.32,9,211,69.81333333333333,4419.183999999999,High Value
16159.0,884.59,3,266,294.86333333333334,7843.364666666667,High Value
16161.0,7256.24,25,300,290.2496,72562.4,VIP
16163.0,1992.98,5,372,398.596,24712.952,VIP
16165.0,79.9,1,0,79.9,2.6633333333333336,Low Value
16166.0,435.83,2,263,217.915,3820.7763333333337,High Value
16167.0,1386.1200000000001,5,324,277.22400000000005,14970.096000000005,VIP
16168.0,6848.87,40,366,171.22175,83556.21399999998,VIP
16170.0,4983.95,14,263,355.99642857142857,43692.628333333334,VIP
16172.0,744.34,3,39,248.11333333333334,967.642,Medium Value
16174.0,1237.2,4,111,309.3,4577.64,High Value
16175.0,798.85,3,91,266.28333333333336,2423.1783333333337,High Value
16176.0,2052.69,4,198,513.1725,13547.753999999999,VIP
16177.0,1915.36,7,210,273.62285714285713,13407.519999999999,VIP
16178.0,414.7,1,0,414.7,13.823333333333332,Medium Value
16180.0,5995.69,5,56,1199.138,11191.954666666667,High Value
16182.0,3354.0,5,202,670.8,22583.6,VIP
16183.0,739.1,3,12,246.36666666666667,295.64000000000004,Medium Value
16185.0,115.31,1,0,115.31,3.8436666666666666,Low Value
16186.0,5019.17,15,357,334.61133333333333,59728.123,VIP
16188.0,105.80000000000001,1,0,105.80000000000001,3.526666666666667,Low Value
16190.0,2508.4700000000003,7,330,358.3528571428572,27593.170000000002,VIP
16191.0,10507.5,11,352,955.2272727272727,123287.99999999999,VIP
16192.0,351.3,1,0,351.3,11.71,Low Value
16193.0,315.98,1,0,315.98,10.532666666666668,Low Value
16194.0,308.59999999999997,1,0,308.59999999999997,10.286666666666665,Low Value
16195.0,323.25,1,0,323.25,10.775,Low Value
16196.0,93.3,1,0,93.3,3.11,Low Value
16197.0,2016.71,9,254,224.07888888888888,17074.811333333335,VIP
16198.0,629.36,1,0,629.36,20.978666666666665,Medium Value
16199.0,942.75,7,238,134.67857142857142,7479.15,High Value
16200.0,4562.83,10,354,456.283,53841.394,VIP
16201.0,248.65,1,0,248.65,8.288333333333334,Low Value
16202.0,2136.72,8,320,267.09,22791.679999999997,VIP
16203.0,521.64,3,132,173.88,2295.2160000000003,Medium Value
16204.0,538.53,2,350,269.265,6282.849999999999,High Value
16205.0,1069.23,3,146,356.41,5203.585999999999,High Value
16206.0,2065.26,9,296,229.47333333333336,20377.232000000004,VIP
16208.0,2776.19,8,258,347.02375,23875.234,VIP
16209.0,1884.16,4,164,471.04,10300.074666666667,High Value
16210.0,17403.21,19,368,915.9584210526315,213479.376,VIP
16211.0,543.5699999999999,2,16,271.78499999999997,289.90399999999994,Medium Value
16212.0,603.37,2,51,301.685,1025.729,Medium Value
16214.0,975.5,1,0,975.5,32.516666666666666,Medium Value
16218.0,1355.29,7,187,193.61285714285714,8447.974333333334,High Value
16219.0,40.8,1,0,40.8,1.3599999999999999,Low Value
16221.0,1370.65,7,118,195.80714285714288,5391.223333333333,High Value
16222.0,498.5,1,0,498.5,16.616666666666667,Medium Value
16223.0,1102.3500000000001,2,20,551.1750000000001,734.9000000000001,Medium Value
16224.0,321.24,1,0,321.24,10.708,Low Value
16225.0,1771.0900000000001,10,268,177.109,15821.737333333334,VIP
16226.0,417.05,2,35,208.525,486.5583333333334,Medium Value
16227.0,713.0,2,41,356.5,974.4333333333334,Medium Value
16228.0,890.8100000000001,3,14,296.93666666666667,415.7113333333333,Medium Value
16229.0,1857.26,4,182,464.315,11267.377333333332,High Value
16231.0,1078.22,4,218,269.555,7835.065333333334,High Value
16232.0,1722.09,3,130,574.03,7462.389999999999,High Value
16233.0,1429.03,7,370,204.14714285714285,17624.703333333335,VIP
16234.0,333.18,3,85,111.06,944.0100000000001,Medium Value
16235.0,1186.4,4,94,296.6,3717.3866666666668,High Value
16237.0,136.65,1,0,136.65,4.555,Low Value
16238.0,63.66,1,0,63.66,2.122,Low Value
16239.0,1078.0,4,80,269.5,2874.6666666666665,High Value
16241.0,1721.44,4,40,430.36,2295.253333333333,Medium Value
16242.0,3871.19,7,253,553.0271428571428,32647.035666666667,VIP
16244.0,1056.63,1,0,1056.63,35.221000000000004,Medium Value
16246.0,827.25,2,209,413.625,5763.175,High Value
16250.0,401.94,2,12,200.97,160.776,Medium Value
16251.0,128.31,1,0,128.31,4.277,Low Value
16252.0,295.09000000000003,1,0,295.09000000000003,9.836333333333334,Low Value
16253.0,3626.29,5,310,725.258,37471.66333333334,VIP
16254.0,985.14,3,253,328.38,8308.014,High Value
16255.0,2286.89,8,319,285.86125,24317.263666666666,VIP
16256.0,876.9399999999999,2,103,438.46999999999997,3010.827333333333,High Value
16258.0,6739.01,10,251,673.9010000000001,56383.05033333334,VIP
16259.0,361.94,3,194,120.64666666666666,2340.5453333333335,Medium Value
16261.0,312.62,2,56,156.31,583.5573333333333,Medium Value
16262.0,755.15,1,0,755.15,25.171666666666667,Medium Value
16263.0,351.01,1,0,351.01,11.700333333333333,Low Value
16264.0,837.53,2,7,418.765,195.42366666666666,Medium Value
16265.0,1488.17,3,20,496.0566666666667,992.1133333333333,Medium Value
16266.0,896.06,7,250,128.00857142857143,7467.166666666667,High Value
16267.0,186.66,1,0,186.66,6.2219999999999995,Low Value
16269.0,717.57,1,0,717.57,23.919,Medium Value
16271.0,2033.78,5,185,406.756,12541.643333333332,VIP
16273.0,336.03999999999996,2,7,168.01999999999998,78.40933333333332,Medium Value
16274.0,357.95,1,0,357.95,11.931666666666667,Low Value
16275.0,1591.24,2,166,795.62,8804.861333333332,High Value
16276.0,1818.79,2,128,909.395,7760.170666666666,High Value
16277.0,188.69,1,0,188.69,6.289666666666666,Low Value
16278.0,551.46,2,18,275.73,330.87600000000003,Medium Value
16279.0,4195.5,6,210,699.25,29368.5,VIP
16280.0,238.05,1,0,238.05,7.9350000000000005,Low Value
16281.0,1361.96,2,258,680.98,11712.856,High Value
16282.0,1139.28,2,230,569.64,8734.48,High Value
16283.0,2833.01,3,231,944.3366666666667,21814.177000000003,VIP
16284.0,205.8,1,0,205.8,6.86,Low Value
16285.0,176.9,1,0,176.9,5.8966666666666665,Low Value
16286.0,328.95,2,146,164.475,1600.8899999999999,Medium Value
16287.0,864.48,4,313,216.12,9019.408000000001,High Value
16288.0,129.85,1,0,129.85,4.328333333333333,Low Value
16289.0,136.31,1,0,136.31,4.543666666666667,Low Value
16290.0,2069.3,4,101,517.325,6966.643333333334,High Value
16291.0,117.72,1,0,117.72,3.924,Low Value
16292.0,951.51,4,223,237.8775,7072.8910000000005,High Value
16293.0,2408.96,6,361,401.49333333333334,28987.818666666666,VIP
16294.0,126.05000000000001,1,0,126.05000000000001,4.201666666666667,Low Value
16296.0,1313.67,4,95,328.4175,4159.955,High Value
16298.0,487.5,4,44,121.875,715.0,Medium Value
16299.0,193.65,1,0,193.65,6.455,Low Value
16300.0,1392.43,3,245,464.1433333333334,11371.511666666667,High Value
16301.0,107.33,1,0,107.33,3.5776666666666666,Low Value
16303.0,2567.64,4,239,641.91,20455.532,VIP
16304.0,381.66,1,0,381.66,12.722000000000001,Medium Value
16306.0,560.55,2,67,280.275,1251.895,Medium Value
16307.0,1194.92,3,147,398.3066666666667,5855.108000000001,High Value
16308.0,2560.0,3,317,853.3333333333334,27050.666666666664,VIP
16310.0,460.08,2,227,230.04,3481.272,High Value
16312.0,171.15,1,0,171.15,5.705,Low Value
16314.0,1491.4,3,83,497.1333333333334,4126.206666666667,High Value
16315.0,176.34,1,0,176.34,5.878,Low Value
16316.0,2806.0,5,112,561.2,10475.733333333334,High Value
16317.0,850.86,2,34,425.43,964.308,Medium Value
16320.0,4590.53,4,228,1147.6325,34888.028,VIP
16321.0,230.9,2,112,115.45,862.0266666666668,Medium Value
16323.0,146.16,1,0,146.16,4.872,Low Value
16325.0,3003.26,9,310,333.6955555555556,31033.686666666672,VIP
16326.0,1716.03,10,296,171.603,16931.496000000003,VIP
16327.0,6887.12,11,355,626.1018181818182,81497.58666666667,VIP
16328.0,310.83,1,0,310.83,10.360999999999999,Low Value
16329.0,1703.07,4,311,425.7675,17655.159,VIP
16330.0,382.42,4,238,95.605,3033.8653333333336,High Value
16331.0,2037.7,6,210,339.6166666666667,14263.9,VIP
16332.0,417.21000000000004,4,157,104.30250000000001,2183.3990000000003,Medium Value
16334.0,277.48,1,0,277.48,9.249333333333334,Low Value
16335.0,2774.0,7,184,396.2857142857143,17013.86666666667,VIP
16336.0,3517.69,4,211,879.4225,24741.086333333333,VIP
16340.0,976.99,2,111,488.495,3614.8630000000003,High Value
16341.0,1878.92,3,172,626.3066666666667,10772.474666666667,High Value
16343.0,316.59,1,0,316.59,10.552999999999999,Low Value
16344.0,741.3199999999999,3,158,247.10666666666665,3904.285333333333,High Value
16345.0,623.33,1,0,623.33,20.77766666666667,Medium Value
16346.0,224.51,1,0,224.51,7.483666666666666,Low Value
16347.0,2621.76,9,249,291.3066666666667,21760.608000000004,VIP
16348.0,328.77,1,0,328.77,10.959,Low Value
16350.0,1137.42,5,53,227.484,2009.442,Medium Value
16351.0,3176.13,12,323,264.6775,34196.333000000006,VIP
16353.0,3323.75,16,362,207.734375,40106.583333333336,VIP
16354.0,733.71,3,211,244.57000000000002,5160.427000000001,High Value
16355.0,416.35,1,0,416.35,13.878333333333334,Medium Value
16356.0,204.10000000000002,3,175,68.03333333333335,1190.5833333333335,Medium Value
16357.0,209.49,1,0,209.49,6.9830000000000005,Low Value
16358.0,892.1500000000001,1,0,892.1500000000001,29.738333333333337,Medium Value
16359.0,946.83,7,285,135.26142857142858,8994.885,High Value
16362.0,212.17,1,0,212.17,7.072333333333333,Low Value
16365.0,1766.78,7,361,252.39714285714285,21260.252666666667,VIP
16366.0,1220.83,3,141,406.9433333333333,5737.901,High Value
16367.0,557.91,1,0,557.91,18.596999999999998,Medium Value
16368.0,142.78,1,0,142.78,4.759333333333333,Low Value
16369.0,1111.15,4,174,277.7875,6444.67,High Value
16371.0,157.2,1,0,157.2,5.239999999999999,Low Value
16372.0,960.68,3,197,320.22666666666663,6308.465333333332,High Value
16373.0,309.49,2,29,154.745,299.1736666666667,Medium Value
16374.0,1298.42,3,186,432.8066666666667,8050.204000000001,High Value
16375.0,104.0,2,0,52.0,3.466666666666667,Low Value
16377.0,632.28,1,0,632.28,21.076,Medium Value
16381.0,258.7,2,22,129.35,189.7133333333333,Medium Value
16382.0,353.1,2,142,176.55,1671.3400000000001,Medium Value
16383.0,2306.48,5,277,461.296,21296.498666666666,VIP
16384.0,774.4499999999999,2,160,387.22499999999997,4130.4,High Value
16385.0,474.72,3,265,158.24,4193.360000000001,High Value
16386.0,785.39,1,0,785.39,26.179666666666666,Medium Value
16387.0,824.19,4,242,206.0475,6648.466,High Value
16388.0,186.05,1,0,186.05,6.201666666666667,Low Value
16390.0,467.5,3,142,155.83333333333334,2212.8333333333335,Medium Value
16391.0,1103.61,4,161,275.9025,5922.706999999999,High Value
16392.0,541.86,2,148,270.93,2673.1760000000004,High Value
16393.0,2515.45,11,369,228.6772727272727,30940.035,VIP
16395.0,2050.95,9,339,227.88333333333333,23175.735,VIP
16396.0,137.8,1,0,137.8,4.593333333333334,Low Value
16397.0,127.88,1,0,127.88,4.262666666666666,Low Value
16399.0,233.25,1,0,233.25,7.7749999999999995,Low Value
16400.0,2855.5099999999998,8,336,356.93874999999997,31981.711999999996,VIP
16401.0,2750.83,11,175,250.07545454545453,16046.508333333331,VIP
16402.0,211.8,1,0,211.8,7.0600000000000005,Low Value
16406.0,389.61,2,203,194.805,2636.361,High Value
16407.0,694.72,4,43,173.68,995.7653333333334,Medium Value
16408.0,231.93,1,0,231.93,7.731,Low Value
16409.0,3680.16,7,345,525.7371428571429,42321.840000000004,VIP
16410.0,130.32,1,0,130.32,4.343999999999999,Low Value
16411.0,695.54,3,58,231.84666666666666,1344.7106666666666,Medium Value
16412.0,495.4,4,279,123.85,4607.22,High Value
16413.0,266.78000000000003,1,0,266.78000000000003,8.892666666666667,Low Value
16414.0,433.46000000000004,3,263,144.48666666666668,3799.999333333334,High Value
16415.0,509.09000000000003,2,92,254.54500000000002,1561.2093333333335,Medium Value
16416.0,1921.48,6,264,320.24666666666667,16909.024,VIP
16417.0,35.7,1,0,35.7,1.1900000000000002,Low Value
16418.0,426.67,2,14,213.335,199.11266666666668,Medium Value
16419.0,515.1899999999999,2,90,257.59499999999997,1545.5699999999997,Medium Value
16420.0,75.0,1,0,75.0,2.5,Low Value
16421.0,526.27,3,93,175.42333333333332,1631.437,Medium Value
16422.0,28967.07,59,327,490.9672881355932,315741.063,VIP
16424.0,309.5,1,0,309.5,10.316666666666666,Low Value
16428.0,660.28,3,84,220.09333333333333,1848.7839999999999,Medium Value
16430.0,817.09,6,300,136.18166666666667,8170.900000000001,High Value
16433.0,200.26,1,0,200.26,6.675333333333333,Low Value
16434.0,1219.49,5,244,243.898,9918.518666666667,High Value
16435.0,1011.5699999999999,3,2,337.19,67.43799999999999,Medium Value
16436.0,329.34,3,64,109.77999999999999,702.592,Medium Value
16437.0,301.25,2,48,150.625,482.0,Medium Value
16439.0,310.70000000000005,1,0,310.70000000000005,10.356666666666667,Low Value
16440.0,216.3,1,0,216.3,7.21,Low Value
16441.0,653.23,3,209,217.74333333333334,4550.835666666667,High Value
16442.0,282.68,2,122,141.34,1149.5653333333332,Medium Value
16443.0,162.24,1,0,162.24,5.408,Low Value
16444.0,3001.91,13,234,230.91615384615383,23414.897999999997,VIP
16445.0,372.22,3,24,124.07333333333334,297.776,Medium Value
16447.0,516.13,2,69,258.065,1187.099,Medium Value
16448.0,178.98000000000002,1,0,178.98000000000002,5.966,Low Value
16450.0,1193.81,2,71,596.905,2825.3503333333333,High Value
16451.0,746.1800000000001,2,174,373.09000000000003,4327.844,High Value
16452.0,332.17,2,63,166.085,697.557,Medium Value
16453.0,251.71,2,17,125.855,142.63566666666668,Medium Value
16454.0,24.05,2,4,12.025,3.2066666666666666,Low Value
16455.0,2543.19,6,248,423.865,21023.704,VIP
16456.0,4704.54,9,247,522.7266666666667,38734.045999999995,VIP
16458.0,2232.6,12,186,186.04999999999998,13842.119999999999,VIP
16459.0,71.78999999999999,1,0,71.78999999999999,2.393,Low Value
16461.0,1463.8,2,55,731.9,2683.633333333333,High Value
16465.0,746.24,2,23,373.12,572.1173333333334,Medium Value
16466.0,2235.13,8,258,279.39125,19222.118,VIP
16467.0,2869.16,7,228,409.88,21805.615999999998,VIP
16468.0,712.62,2,11,356.31,261.294,Medium Value
16469.0,178.48000000000002,1,0,178.48000000000002,5.949333333333334,Low Value
16470.0,1696.21,7,332,242.31571428571428,18771.390666666666,VIP
16471.0,966.03,3,259,322.01,8340.059,High Value
16472.0,789.6,2,163,394.8,4290.160000000001,High Value
16473.0,154.72,1,0,154.72,5.157333333333333,Low Value
16476.0,350.35,1,0,350.35,11.678333333333335,Low Value
16477.0,1825.56,5,113,365.11199999999997,6876.276,High Value
16481.0,453.38,1,0,453.38,15.112666666666666,Medium Value
16485.0,1931.03,4,301,482.7575,19374.667666666664,VIP
16486.0,134.36,1,0,134.36,4.478666666666667,Low Value
16487.0,209.4,2,81,104.7,565.3800000000001,Medium Value
16489.0,303.7,2,55,151.85,556.7833333333333,Medium Value
16490.0,205.41000000000003,1,0,205.41000000000003,6.847,Low Value
16491.0,801.66,1,0,801.66,26.721999999999998,Medium Value
16492.0,385.56,1,0,385.56,12.852,Medium Value
16493.0,780.46,3,178,260.15333333333336,4630.729333333334,High Value
16496.0,731.25,3,77,243.75,1876.8750000000002,Medium Value
16497.0,3729.59,17,322,219.38764705882355,40030.93266666667,VIP
16499.0,2212.89,6,171,368.815,12613.473,VIP
16500.0,443.05,3,168,147.68333333333334,2481.08,High Value
16501.0,1237.23,1,0,1237.23,41.241,Medium Value
16502.0,266.5,2,0,133.25,8.883333333333333,Low Value
16503.0,2182.41,7,140,311.7728571428571,10184.58,High Value
16507.0,152.76,1,0,152.76,5.092,Low Value
16508.0,248.8,1,0,248.8,8.293333333333333,Low Value
16510.0,1851.8999999999999,6,319,308.65,19691.87,VIP
16511.0,868.76,3,251,289.58666666666664,7268.625333333333,High Value
16515.0,1589.17,5,161,317.834,8528.545666666667,High Value
16518.0,475.05,2,134,237.525,2121.8900000000003,Medium Value
16519.0,341.18,3,283,113.72666666666667,3218.4646666666667,High Value
16520.0,1436.05,4,281,359.0125,13451.001666666667,VIP
16521.0,1148.01,3,232,382.67,8877.944,High Value
16522.0,433.36,2,14,216.68,202.23466666666667,Medium Value
16523.0,2497.86,7,268,356.83714285714285,22314.216,VIP
16524.0,308.14,2,245,154.07,2516.4766666666665,High Value
16525.0,11555.19,23,370,502.39956521739134,142514.01,VIP
16526.0,426.85,1,0,426.85,14.228333333333333,Medium Value
16527.0,1044.38,1,0,1044.38,34.81266666666667,Medium Value
16529.0,1556.75,3,52,518.9166666666666,2698.366666666667,High Value
16530.0,48.349999999999994,1,0,48.349999999999994,1.6116666666666664,Low Value
16531.0,1053.74,4,60,263.435,2107.48,Medium Value
16532.0,2007.84,2,189,1003.92,12649.392,VIP
16534.0,635.9,1,0,635.9,21.196666666666665,Medium Value
16535.0,407.84,2,294,203.92,3996.832,High Value
16537.0,23.35,1,0,23.35,0.7783333333333333,Low Value
16538.0,399.62,3,54,133.20666666666668,719.316,Medium Value
16539.0,2343.2,7,159,334.74285714285713,12418.96,VIP
16540.0,226.70000000000002,1,0,226.70000000000002,7.5566666666666675,Low Value
16541.0,424.03,1,0,424.03,14.134333333333332,Medium Value
16542.0,137.7,1,0,137.7,4.59,Low Value
16543.0,292.21,1,0,292.21,9.740333333333332,Low Value
16544.0,376.70000000000005,4,142,94.17500000000001,1783.0466666666669,Medium Value
16545.0,350.52,1,0,350.52,11.684,Low Value
16546.0,4819.32,4,69,1204.83,11084.435999999998,High Value
16547.0,111.71,1,0,111.71,3.7236666666666665,Low Value
16548.0,30.15,1,0,30.15,1.005,Low Value
16549.0,9027.55,24,224,376.1479166666666,67405.70666666667,VIP
16550.0,7136.16,14,369,509.7257142857143,87774.768,VIP
16551.0,1315.0,4,302,328.75,13237.666666666666,VIP
16552.0,95.29,1,0,95.29,3.1763333333333335,Low Value
16553.0,10924.19,21,269,520.1995238095238,97953.57033333334,VIP
16554.0,2004.6200000000001,5,338,400.92400000000004,22585.385333333335,VIP
16555.0,1629.79,4,0,407.4475,54.32633333333333,Medium Value
16556.0,4698.79,10,357,469.879,55915.601,VIP
16558.0,5535.02,19,369,291.31684210526316,68080.74600000001,VIP
16559.0,185.20000000000002,1,0,185.20000000000002,6.173333333333334,Low Value
16560.0,2206.9700000000003,6,333,367.8283333333334,24497.367000000002,VIP
16562.0,223.85999999999999,1,0,223.85999999999999,7.462,Low Value
16563.0,3345.02,5,337,669.004,37575.72466666666,VIP
16564.0,87.8,1,0,87.8,2.9266666666666667,Low Value
16565.0,599.35,3,149,199.78333333333333,2976.771666666667,High Value
16568.0,1020.9000000000001,2,213,510.45000000000005,7248.39,High Value
16569.0,1331.03,4,92,332.7575,4081.8253333333337,High Value
16570.0,3695.91,10,240,369.591,29567.28,VIP
16571.0,2827.05,7,236,403.86428571428576,22239.46,VIP
16574.0,850.34,2,234,425.17,6632.652,High Value
16576.0,540.87,2,101,270.435,1820.929,Medium Value
16577.0,380.0,1,0,380.0,12.666666666666666,Medium Value
16578.0,156.6,1,0,156.6,5.22,Low Value
16579.0,295.05,1,0,295.05,9.835,Low Value
16583.0,297.95,2,299,148.975,2969.568333333333,High Value
16584.0,2227.59,3,229,742.5300000000001,17003.937,VIP
16585.0,341.59,2,101,170.795,1150.0196666666666,Medium Value
16586.0,998.83,2,190,499.415,6325.923333333333,High Value
16588.0,1361.28,4,188,340.32,8530.688,High Value
16589.0,153.12,1,0,153.12,5.104,Low Value
16590.0,605.9,2,13,302.95,262.5566666666667,Medium Value
16592.0,3694.23,12,345,307.8525,42483.645000000004,VIP
16593.0,741.11,5,344,148.222,8498.061333333333,High Value
16595.0,1450.02,4,315,362.505,15225.21,VIP
16596.0,329.48,3,363,109.82666666666667,3986.708,High Value
16599.0,172.8,1,0,172.8,5.760000000000001,Low Value
16600.0,1339.89,7,347,191.41285714285715,15498.061000000002,VIP
16601.0,439.45,2,232,219.725,3398.4133333333334,High Value
16602.0,235.25,1,0,235.25,7.841666666666667,Low Value
16604.0,432.45,2,5,216.225,72.07499999999999,Medium Value
16605.0,60.48,1,0,60.48,2.016,Low Value
16606.0,357.66,2,30,178.83,357.66,Medium Value
16607.0,2359.16,11,189,214.4690909090909,14862.707999999999,VIP
16608.0,1288.72,2,209,644.36,8978.082666666667,High Value
16611.0,1655.64,5,235,331.12800000000004,12969.180000000002,VIP
16612.0,2057.77,5,356,411.554,24418.870666666666,VIP
16614.0,673.6,2,176,336.8,3951.7866666666664,High Value
16615.0,291.5,1,0,291.5,9.716666666666667,Low Value
16619.0,1712.1200000000001,3,272,570.7066666666667,15523.221333333335,VIP
16620.0,1579.97,4,348,394.9925,18327.652,VIP
16622.0,225.4,1,0,225.4,7.513333333333334,Low Value
16623.0,885.79,3,190,295.2633333333333,5610.003333333333,High Value
16625.0,1320.95,4,120,330.2375,5283.8,High Value
16628.0,130.05,2,233,65.025,1010.0550000000001,Medium Value
16630.0,106.80000000000001,1,0,106.80000000000001,3.5600000000000005,Low Value
16631.0,1892.52,7,170,270.36,10724.28,High Value
16632.0,406.4,2,95,203.2,1286.9333333333332,Medium Value
16634.0,1596.71,5,315,319.342,16765.455,VIP
16635.0,473.0,1,0,473.0,15.766666666666666,Medium Value
16636.0,3802.04,4,207,950.51,26234.076,VIP
16638.0,749.8100000000001,6,109,124.96833333333335,2724.309666666667,High Value
16639.0,490.47,1,0,490.47,16.349,Medium Value
16640.0,179.4,1,0,179.4,5.98,Low Value
16641.0,323.40000000000003,1,0,323.40000000000003,10.780000000000001,Low Value
16642.0,389.12,1,0,389.12,12.970666666666666,Medium Value
16643.0,435.6,1,0,435.6,14.520000000000001,Medium Value
16645.0,160.39,1,0,160.39,5.346333333333333,Low Value
16646.0,678.8,1,0,678.8,22.626666666666665,Medium Value
16647.0,327.84,2,101,163.92,1103.7279999999998,Medium Value
16648.0,382.14,2,134,191.07,1706.892,Medium Value
16649.0,306.58000000000004,1,0,306.58000000000004,10.219333333333335,Low Value
16650.0,1397.69,6,99,232.94833333333335,4612.3769999999995,High Value
16651.0,136.2,1,0,136.2,4.539999999999999,Low Value
16652.0,10776.42,9,228,1197.38,81900.79200000002,VIP
16654.0,1110.2,5,244,222.04000000000002,9029.626666666667,High Value
16655.0,2753.85,7,265,393.40714285714284,24325.675,VIP
16656.0,8207.37,15,315,547.158,86177.38500000001,VIP
16658.0,690.83,6,250,115.13833333333334,5756.916666666667,High Value
16660.0,611.9000000000001,3,272,203.9666666666667,5547.893333333334,High Value
16661.0,986.63,4,181,246.6575,5952.667666666666,High Value
16662.0,163.8,1,0,163.8,5.46,Low Value
16663.0,165.0,1,0,165.0,5.5,Low Value
16664.0,109.2,1,0,109.2,3.64,Low Value
16666.0,106.96000000000001,1,0,106.96000000000001,3.5653333333333337,Low Value
16668.0,555.7,7,243,79.38571428571429,4501.17,High Value
16670.0,3934.25,9,336,437.1388888888889,44063.6,VIP
16673.0,188.83,1,0,188.83,6.294333333333333,Low Value
16675.0,608.86,2,36,304.43,730.632,Medium Value
16676.0,769.78,2,16,384.89,410.5493333333333,Medium Value
16677.0,880.62,2,240,440.31,7044.96,High Value
16679.0,663.31,3,180,221.10333333333332,3979.8599999999997,High Value
16680.0,637.75,2,6,318.875,127.55000000000001,Medium Value
16681.0,151.5,1,0,151.5,5.05,Low Value
16683.0,320.25,1,0,320.25,10.675,Low Value
16684.0,80489.21,27,352,2981.081851851852,944406.7306666666,VIP
16686.0,2008.09,9,343,223.1211111111111,22959.162333333334,VIP
16687.0,157.63,1,0,157.63,5.254333333333333,Low Value
16690.0,127.45,2,58,63.725,246.40333333333334,Medium Value
16691.0,178.83,2,143,89.415,852.423,Medium Value
16692.0,638.6999999999999,2,32,319.34999999999997,681.28,Medium Value
16693.0,717.45,3,244,239.15,5835.26,High Value
16694.0,98.30000000000001,1,0,98.30000000000001,3.276666666666667,Low Value
16695.0,193.15,2,0,96.575,6.4383333333333335,Low Value
16699.0,994.6,7,355,142.0857142857143,11769.433333333334,High Value
16700.0,4091.16,13,371,314.70461538461535,50594.011999999995,VIP
16701.0,4518.43,13,314,347.57153846153847,47292.90066666667,VIP
16702.0,1110.83,4,316,277.7075,11700.742666666665,High Value
16704.0,695.66,2,53,347.83,1228.9993333333332,Medium Value
16705.0,29480.061,22,330,1340.0027727272727,324280.67100000003,VIP
16707.0,551.11,4,239,137.7775,4390.509666666667,High Value
16709.0,6057.59,9,350,673.0655555555555,70671.88333333333,VIP
16710.0,3866.05,13,366,297.38846153846157,47165.81,VIP
16711.0,1217.45,4,358,304.3625,14528.236666666668,VIP
16712.0,621.5600000000001,2,0,310.78000000000003,20.718666666666667,Medium Value
16713.0,7637.56,18,358,424.30888888888893,91141.54933333334,VIP
16714.0,368.27,1,0,368.27,12.275666666666666,Medium Value
16715.0,323.8,1,0,323.8,10.793333333333333,Low Value
16716.0,1248.48,1,0,1248.48,41.616,Medium Value
16717.0,3127.85,9,366,347.5388888888889,38159.77,VIP
16718.0,3023.78,5,363,604.7560000000001,36587.738000000005,VIP
16719.0,2182.88,8,358,272.86,26049.03466666667,VIP
16720.0,640.24,2,345,320.12,7362.76,High Value
16722.0,4258.2699999999995,11,369,387.1154545454545,52376.721,VIP
16723.0,712.48,2,291,356.24,6911.056,High Value
16724.0,147.35,1,0,147.35,4.911666666666666,Low Value
16725.0,1101.09,8,355,137.63625,13029.565,VIP
16726.0,706.39,2,27,353.195,635.751,Medium Value
16727.0,1164.6,3,296,388.2,11490.72,High Value
16731.0,174.05,1,0,174.05,5.801666666666667,Low Value
16732.0,3783.89,3,328,1261.2966666666666,41370.530666666666,VIP
16733.0,259.68,1,0,259.68,8.656,Low Value
16735.0,3970.0,9,338,441.1111111111111,44728.66666666667,VIP
16736.0,2956.56,5,230,591.312,22666.96,VIP
16737.0,417.59999999999997,1,0,417.59999999999997,13.919999999999998,Medium Value
16739.0,463.43,1,0,463.43,15.447666666666667,Medium Value
16740.0,236.81,1,0,236.81,7.893666666666666,Low Value
16741.0,173.06,1,0,173.06,5.768666666666666,Low Value
16742.0,2387.71,13,230,183.67000000000002,18305.77666666667,VIP
16743.0,2015.17,7,139,287.88142857142856,9336.954333333333,High Value
16746.0,11368.74,24,351,473.6975,133014.258,VIP
16748.0,2121.43,9,341,235.71444444444444,24113.587666666666,VIP
16749.0,4387.08,2,132,2193.54,19303.152000000002,VIP
16752.0,207.5,1,0,207.5,6.916666666666667,Low Value
16754.0,65500.07,29,269,2258.6231034482757,587317.2943333334,VIP
16755.0,1403.75,4,263,350.9375,12306.208333333334,VIP
16756.0,1072.97,6,235,178.82833333333335,8404.931666666667,High Value
16757.0,163.65,1,0,163.65,5.455,Low Value
16760.0,228.0,1,0,228.0,7.6,Low Value
16763.0,352.85,1,0,352.85,11.761666666666667,Low Value
16765.0,420.75,1,0,420.75,14.025,Medium Value
16767.0,2493.2,4,171,623.3,14211.24,VIP
16768.0,1230.03,6,348,205.005,14268.348,VIP
16769.0,761.36,3,247,253.78666666666666,6268.530666666667,High Value
16770.0,1162.03,5,101,232.406,3912.1676666666667,High Value
16771.0,1720.79,5,273,344.158,15659.188999999998,VIP
16772.0,3723.5499999999997,3,298,1241.1833333333332,36987.26333333333,VIP
16773.0,249.65,2,297,124.825,2471.5350000000003,High Value
16774.0,932.93,4,237,233.2325,7370.147,High Value
16775.0,1361.23,6,74,226.87166666666667,3357.700666666667,High Value
16776.0,231.57,1,0,231.57,7.718999999999999,Low Value
16777.0,1081.41,3,218,360.47,7858.246,High Value
16779.0,22638.52,32,369,707.45375,278453.79600000003,VIP
16780.0,180.36,1,0,180.36,6.0120000000000005,Low Value
16781.0,623.0,2,297,311.5,6167.7,High Value
16782.0,8158.51,26,364,313.7888461538462,98989.92133333333,VIP
16783.0,391.95,1,0,391.95,13.065,Medium Value
16784.0,788.93,4,244,197.2325,6416.630666666666,High Value
16785.0,533.78,1,0,533.78,17.792666666666666,Medium Value
16786.0,51.839999999999996,1,0,51.839999999999996,1.7279999999999998,Low Value
16787.0,1035.43,4,300,258.8575,10354.300000000001,High Value
16788.0,1352.82,3,266,450.94,11995.004,High Value
16791.0,2316.91,8,352,289.61375,27185.07733333333,VIP
16792.0,513.08,3,320,171.02666666666667,5472.8533333333335,High Value
16794.0,868.1999999999999,5,243,173.64,7032.419999999999,High Value
16795.0,2077.51,3,318,692.5033333333334,22021.606,VIP
16797.0,1827.77,5,344,365.554,20958.429333333333,VIP
16798.0,848.71,3,174,282.90333333333336,4922.518,High Value
16799.0,495.98,2,21,247.99,347.186,Medium Value
16802.0,582.61,2,51,291.305,990.437,Medium Value
16805.0,636.65,3,154,212.21666666666667,3268.1366666666668,High Value
16807.0,1002.29,3,152,334.09666666666664,5078.269333333333,High Value
16809.0,812.74,4,173,203.185,4686.800666666667,High Value
16810.0,532.5,1,0,532.5,17.75,Medium Value
16812.0,1912.65,3,3,637.5500000000001,191.26500000000001,Medium Value
16814.0,5990.61,16,237,374.413125,47325.819,VIP
16815.0,410.97,2,82,205.485,1123.3180000000002,Medium Value
16817.0,1200.15,5,63,240.03000000000003,2520.3150000000005,High Value
16819.0,182.59,2,0,91.295,6.086333333333333,Low Value
16821.0,113.35,1,0,113.35,3.778333333333333,Low Value
16822.0,181.39,1,0,181.39,6.046333333333333,Low Value
16823.0,1901.71,6,350,316.95166666666665,22186.616666666665,VIP
16824.0,225.6,1,0,225.6,7.52,Low Value
16825.0,1051.71,3,156,350.57,5468.892000000001,High Value
16827.0,392.13,5,195,78.426,2548.845,High Value
16829.0,316.1,1,0,316.1,10.536666666666667,Low Value
16830.0,881.59,3,284,293.86333333333334,8345.718666666668,High Value
16831.0,91.8,1,0,91.8,3.06,Low Value
16832.0,218.45999999999998,2,29,109.22999999999999,211.17799999999997,Medium Value
16833.0,1302.51,2,183,651.255,7945.311,High Value
16834.0,485.5,1,0,485.5,16.183333333333334,Medium Value
16835.0,1357.56,5,196,271.512,8869.392,High Value
16836.0,530.5,2,167,265.25,2953.1166666666663,High Value
16838.0,570.76,2,132,285.38,2511.344,High Value
16839.0,5716.14,11,296,519.6490909090909,56399.248,VIP
16840.0,139.85,2,71,69.925,330.9783333333333,Medium Value
16841.0,2136.2400000000002,6,268,356.04,19083.744000000002,VIP
16843.0,9374.86,19,306,493.41368421052636,95623.572,VIP
16844.0,614.34,2,20,307.17,409.56,Medium Value
16845.0,253.88,1,0,253.88,8.462666666666667,Low Value
16846.0,628.09,2,62,314.045,1298.052666666667,Medium Value
16847.0,421.45000000000005,1,0,421.45000000000005,14.048333333333334,Medium Value
16848.0,1130.2,3,56,376.73333333333335,2109.706666666667,Medium Value
16854.0,1408.96,2,223,704.48,10473.269333333334,High Value
16856.0,323.09000000000003,2,24,161.54500000000002,258.47200000000004,Medium Value
16857.0,352.8,1,0,352.8,11.76,Low Value
16858.0,4292.59,10,355,429.259,50795.64833333334,VIP
16859.0,1184.6,5,228,236.92,9002.96,High Value
16860.0,1610.62,3,209,536.8733333333333,11220.652666666667,High Value
16861.0,772.83,3,118,257.61,3039.798,High Value
16862.0,662.33,4,154,165.5825,3399.9606666666673,High Value
16863.0,495.72,2,42,247.86,694.008,Medium Value
16864.0,409.25,2,164,204.625,2237.2333333333336,Medium Value
16865.0,130.95,1,0,130.95,4.364999999999999,Low Value
16867.0,76.74000000000001,1,0,76.74000000000001,2.5580000000000003,Low Value
16868.0,393.39,3,199,131.13,2609.487,High Value
16870.0,450.15999999999997,1,0,450.15999999999997,15.005333333333333,Medium Value
16872.0,533.11,3,35,177.70333333333335,621.9616666666667,Medium Value
16873.0,7493.77,6,239,1248.9616666666668,59700.36766666667,VIP
16874.0,217.74,1,0,217.74,7.258,Low Value
16875.0,2139.0,6,266,356.5,18965.8,VIP
16876.0,136.01,1,0,136.01,4.533666666666666,Low Value
16880.0,321.78,1,0,321.78,10.725999999999999,Low Value
16883.0,2119.86,18,363,117.77000000000001,25650.306,VIP
16884.0,644.08,2,14,322.04,300.5706666666667,Medium Value
16885.0,239.23000000000002,1,0,239.23000000000002,7.974333333333334,Low Value
16886.0,134.0,1,0,134.0,4.466666666666667,Low Value
16887.0,465.84000000000003,2,337,232.92000000000002,5232.936,High Value
16888.0,437.15,3,300,145.71666666666667,4371.5,High Value
16889.0,952.23,3,168,317.41,5332.487999999999,High Value
16890.0,285.41,3,105,95.13666666666667,998.9350000000001,Medium Value
16891.0,1247.1200000000001,7,363,178.16000000000003,15090.152000000002,VIP
16892.0,236.56,2,177,118.28,1395.7040000000002,Medium Value
16893.0,255.84,2,9,127.92,76.752,Medium Value
16894.0,1324.06,3,33,441.3533333333333,1456.4660000000001,Medium Value
16895.0,902.28,4,227,225.57,6827.2519999999995,High Value
16896.0,103.95,1,0,103.95,3.465,Low Value
16898.0,507.56,3,208,169.18666666666667,3519.0826666666667,High Value
16899.0,439.46000000000004,2,18,219.73000000000002,263.676,Medium Value
16901.0,204.26,1,0,204.26,6.808666666666666,Low Value
16903.0,689.04,2,35,344.52,803.88,Medium Value
16904.0,1378.1,7,43,196.87142857142857,1975.2766666666666,Medium Value
16905.0,1931.72,11,357,175.6109090909091,22987.468000000004,VIP
16906.0,869.03,3,147,289.6766666666667,4258.247,High Value
16907.0,726.25,5,160,145.25,3873.333333333333,High Value
16908.0,252.59,1,0,252.59,8.419666666666666,Low Value
16911.0,255.25,2,25,127.625,212.70833333333334,Medium Value
16912.0,1904.93,4,309,476.2325,19620.779000000002,VIP
16913.0,310.46999999999997,2,0,155.23499999999999,10.348999999999998,Low Value
16915.0,921.5,5,182,184.3,5590.433333333333,High Value
16916.0,547.14,3,43,182.38,784.234,Medium Value
16917.0,1466.31,1,0,1466.31,48.876999999999995,Medium Value
16918.0,2144.47,10,314,214.44699999999997,22445.452666666664,VIP
16919.0,2529.46,14,108,180.6757142857143,9106.056,High Value
16920.0,355.45,1,0,355.45,11.848333333333333,Low Value
16921.0,276.88,2,157,138.44,1449.0053333333333,Medium Value
16922.0,611.08,1,0,611.08,20.369333333333334,Medium Value
16923.0,6130.75,13,302,471.59615384615387,61716.21666666667,VIP
16925.0,125.65,1,0,125.65,4.1883333333333335,Low Value
16926.0,1191.1,5,155,238.21999999999997,6154.016666666666,High Value
16928.0,1265.63,13,301,97.35615384615386,12698.487666666668,VIP
16931.0,629.4,3,27,209.79999999999998,566.46,Medium Value
16932.0,278.77,2,147,139.385,1365.973,Medium Value
16933.0,2618.02,7,340,374.0028571428571,29670.893333333333,VIP
16934.0,1160.06,4,237,290.015,9164.474,High Value
16935.0,535.1,3,39,178.36666666666667,695.6300000000001,Medium Value
16936.0,288.49,1,0,288.49,9.616333333333333,Low Value
16937.0,202.1,1,0,202.1,6.736666666666666,Low Value
16938.0,4306.8,5,278,861.36,39909.68000000001,VIP
16939.0,449.0,3,160,149.66666666666666,2394.6666666666665,High Value
16940.0,3377.78,5,280,675.556,31525.94666666667,VIP
16941.0,33.0,1,0,33.0,1.1,Low Value
16943.0,482.76,2,84,241.38,1351.7279999999998,Medium Value
16944.0,101.36,1,0,101.36,3.3786666666666667,Low Value
16945.0,4202.66,14,337,300.19,47209.880666666664,VIP
16946.0,1222.04,5,264,244.408,10753.952000000001,High Value
16947.0,548.73,4,184,137.1825,3365.5440000000003,High Value
16948.0,433.75,4,226,108.4375,3267.5833333333335,High Value
16950.0,2605.81,8,317,325.72625,27534.725666666665,VIP
16952.0,631.17,3,287,210.39,6038.192999999999,High Value
16954.0,3996.7999999999997,11,311,363.3454545454545,41433.49333333333,VIP
16955.0,790.74,4,308,197.685,8118.264000000001,High Value
16958.0,809.44,1,0,809.44,26.981333333333335,Medium Value
16960.0,1536.38,5,256,307.276,13110.442666666668,VIP
16961.0,560.39,2,144,280.195,2689.872,High Value
16962.0,251.04,1,0,251.04,8.368,Low Value
16964.0,207.85,2,0,103.925,6.928333333333333,Low Value
16970.0,71.4,1,0,71.4,2.3800000000000003,Low Value
16972.0,786.25,2,73,393.125,1913.2083333333333,Medium Value
16973.0,127.0,1,0,127.0,4.233333333333333,Low Value
16974.0,365.5,2,41,182.75,499.51666666666665,Medium Value
16975.0,926.12,3,82,308.70666666666665,2531.3946666666666,High Value
16977.0,496.0,4,236,124.0,3901.8666666666663,High Value
16978.0,424.55,2,0,212.275,14.151666666666667,Medium Value
16979.0,1007.74,3,66,335.91333333333336,2217.0280000000002,Medium Value
16980.0,394.37,1,0,394.37,13.145666666666667,Medium Value
16983.0,1778.97,5,76,355.794,4506.723999999999,High Value
16984.0,6273.45,7,238,896.2071428571428,49769.37,VIP
16985.0,5459.04,13,352,419.92615384615385,64052.736,VIP
16986.0,3015.55,9,228,335.06111111111113,22918.18,VIP
16987.0,910.85,4,361,227.7125,10960.561666666666,High Value
16988.0,256.55,1,0,256.55,8.551666666666668,Low Value
16990.0,165.0,1,0,165.0,5.5,Low Value
16991.0,1041.21,1,0,1041.21,34.707,Medium Value
16992.0,3862.19,8,279,482.77375,35918.367000000006,VIP
16993.0,1950.9499999999998,2,112,975.4749999999999,7283.546666666666,High Value
16996.0,666.6500000000001,3,35,222.2166666666667,777.7583333333334,Medium Value
16998.0,107.0,1,0,107.0,3.5666666666666664,Low Value
17000.0,406.3,2,11,203.15,148.97666666666666,Medium Value
17001.0,2651.23,8,247,331.40375,21828.460333333333,VIP
17002.0,1077.82,4,197,269.455,7077.684666666666,High Value
17003.0,830.16,4,176,207.54,4870.271999999999,High Value
17004.0,1012.22,2,31,506.11,1045.9606666666668,Medium Value
17005.0,742.36,2,118,371.18,2919.949333333333,High Value
17006.0,854.54,4,252,213.635,7178.136,High Value
17007.0,230.17000000000002,1,0,230.17000000000002,7.6723333333333334,Low Value
17008.0,81.36,1,0,81.36,2.7119999999999997,Low Value
17009.0,242.06,1,0,242.06,8.068666666666667,Low Value
17011.0,400.8,2,4,200.4,53.44,Medium Value
17012.0,384.16,1,0,384.16,12.805333333333333,Medium Value
17016.0,552.4,1,0,552.4,18.413333333333334,Medium Value
17017.0,5416.349999999999,13,371,416.64230769230767,66982.19499999999,VIP
17018.0,1367.6,4,347,341.9,15818.573333333332,VIP
17019.0,2739.59,8,369,342.44875,33696.957,VIP
17020.0,935.62,2,104,467.81,3243.482666666667,High Value
17021.0,1182.22,6,146,197.03666666666666,5753.470666666666,High Value
17022.0,189.0,1,0,189.0,6.3,Low Value
17023.0,800.18,3,280,266.72666666666663,7468.346666666665,High Value
17025.0,1152.87,4,268,288.2175,10298.972,High Value
17026.0,54.15,2,47,27.075,84.835,Medium Value
17027.0,436.82,3,283,145.60666666666665,4120.6686666666665,High Value
17028.0,1593.83,3,140,531.2766666666666,7437.873333333334,High Value
17029.0,1421.3,5,281,284.26,13312.843333333334,VIP
17031.0,2393.5,4,203,598.375,16196.016666666666,VIP
17032.0,3004.6,8,181,375.575,18127.753333333334,VIP
17033.0,302.65000000000003,1,0,302.65000000000003,10.088333333333335,Low Value
17034.0,538.4,2,104,269.2,1866.4533333333334,Medium Value
17035.0,180.06,2,145,90.03,870.29,Medium Value
17036.0,176.9,1,0,176.9,5.8966666666666665,Low Value
17038.0,630.77,1,0,630.77,21.025666666666666,Medium Value
17039.0,1954.99,1,0,1954.99,65.16633333333333,Medium Value
17040.0,13.52,1,0,13.52,0.45066666666666666,Low Value
17041.0,604.71,3,202,201.57000000000002,4071.7140000000004,High Value
17043.0,881.37,4,354,220.3425,10400.166000000001,High Value
17044.0,11013.82,11,357,1001.2563636363636,131064.458,VIP
17045.0,488.24,2,52,244.12,846.2826666666667,Medium Value
17046.0,1264.05,4,175,316.0125,7373.624999999999,High Value
17047.0,1188.33,3,300,396.10999999999996,11883.3,High Value
17048.0,1146.33,4,253,286.5825,9667.383,High Value
17049.0,4287.5,10,270,428.75,38587.5,VIP
17050.0,1462.95,5,307,292.59000000000003,14970.855000000001,VIP
17051.0,467.25,3,182,155.75,2834.65,High Value
17055.0,239.55,1,0,239.55,7.985,Low Value
17056.0,128.60000000000002,1,0,128.60000000000002,4.286666666666667,Low Value
17057.0,294.74,1,0,294.74,9.824666666666667,Low Value
17059.0,2507.4900000000002,5,312,501.49800000000005,26077.896000000004,VIP
17062.0,669.85,4,74,167.4625,1652.2966666666669,Medium Value
17063.0,2177.39,6,331,362.8983333333333,24023.869666666666,VIP
17065.0,194.7,2,0,97.35,6.489999999999999,Low Value
17066.0,228.34,1,0,228.34,7.6113333333333335,Low Value
17067.0,454.54,3,6,151.51333333333335,90.90800000000002,Medium Value
17068.0,4608.94,27,252,170.70148148148147,38715.096,VIP
17069.0,3084.58,6,363,514.0966666666667,37323.418,VIP
17070.0,133.18,1,0,133.18,4.439333333333334,Low Value
17071.0,1372.17,4,302,343.0425,13813.178,VIP
17072.0,282.05,1,0,282.05,9.401666666666667,Low Value
17074.0,203.05,1,0,203.05,6.7683333333333335,Low Value
17075.0,1407.61,6,296,234.60166666666666,13888.418666666666,VIP
17076.0,401.66999999999996,3,342,133.89,4579.038,High Value
17077.0,306.0,1,0,306.0,10.2,Low Value
17080.0,669.91,5,147,133.982,3282.559,High Value
17081.0,674.23,4,259,168.5575,5820.852333333333,High Value
17082.0,2728.18,4,329,682.045,29919.040666666664,VIP
17083.0,2644.01,6,258,440.66833333333335,22738.486,VIP
17084.0,2253.22,1,0,2253.22,75.10733333333333,Medium Value
17085.0,6324.76,23,356,274.9895652173913,75053.81866666667,VIP
17087.0,221.53,1,0,221.53,7.384333333333333,Low Value
17089.0,128.45,1,0,128.45,4.281666666666666,Low Value
17090.0,1105.53,6,133,184.255,4901.183,High Value
17091.0,3983.34,11,355,362.1218181818182,47136.19,VIP
17092.0,3817.18,7,237,545.3114285714286,30155.722,VIP
17093.0,235.88,1,0,235.88,7.862666666666667,Low Value
17094.0,100.2,1,0,100.2,3.34,Low Value
17095.0,1248.09,4,293,312.0225,12189.679,High Value
17096.0,2737.05,7,171,391.00714285714287,15601.185000000001,VIP
17097.0,386.03,2,65,193.015,836.3983333333332,Medium Value
17098.0,591.0699999999999,3,159,197.0233333333333,3132.6709999999994,High Value
17099.0,582.17,1,0,582.17,19.405666666666665,Medium Value
17101.0,885.3199999999999,3,155,295.1066666666666,4574.153333333334,High Value
17103.0,424.3,1,0,424.3,14.143333333333333,Medium Value
17104.0,474.03,1,0,474.03,15.800999999999998,Medium Value
17106.0,491.23,1,0,491.23,16.374333333333333,Medium Value
17107.0,5259.99,4,279,1314.9975,48917.907,VIP
17108.0,174.95,1,0,174.95,5.831666666666666,Low Value
17109.0,410.42,2,91,205.21,1244.9406666666666,Medium Value
17110.0,347.4,2,89,173.7,1030.62,Medium Value
17111.0,227.97,1,0,227.97,7.599,Low Value
17112.0,205.17,1,0,205.17,6.8389999999999995,Low Value
17113.0,2322.59,6,123,387.09833333333336,9522.619,High Value
17115.0,1923.99,4,185,480.9975,11864.605000000001,High Value
17116.0,389.78,1,0,389.78,12.992666666666665,Medium Value
17121.0,314.74,1,0,314.74,10.491333333333333,Low Value
17122.0,432.18,3,111,144.06,1599.066,Medium Value
17123.0,631.87,2,133,315.935,2801.2903333333334,High Value
17126.0,1065.69,4,83,266.4225,2948.409,High Value
17127.0,1155.0300000000002,5,306,231.00600000000003,11781.306,High Value
17129.0,31.85,1,0,31.85,1.0616666666666668,Low Value
17132.0,1272.8,2,36,636.4,1527.36,Medium Value
17133.0,9730.09,5,154,1946.018,49947.795333333335,VIP
17134.0,212.1,1,0,212.1,7.069999999999999,Low Value
17135.0,814.43,4,207,203.6075,5619.567,High Value
17136.0,231.68,1,0,231.68,7.722666666666667,Low Value
17137.0,1133.63,6,261,188.93833333333336,9862.581,High Value
17138.0,4036.77,6,283,672.795,38080.197,VIP
17139.0,8915.99,13,308,685.8453846153845,91537.49733333333,VIP
17141.0,754.33,4,266,188.5825,6688.3926666666675,High Value
17142.0,704.75,3,279,234.91666666666666,6554.175,High Value
17143.0,924.11,2,98,462.055,3018.7593333333334,High Value
17145.0,3120.91,4,145,780.2275,15084.39833333333,VIP
17146.0,5110.46,10,240,511.046,40883.68,VIP
17147.0,1485.36,5,245,297.072,12130.44,High Value
17149.0,143.10000000000002,1,0,143.10000000000002,4.7700000000000005,Low Value
17150.0,1375.65,6,357,229.275,16370.235000000002,VIP
17151.0,231.90000000000003,1,0,231.90000000000003,7.730000000000001,Low Value
17152.0,327.0,1,0,327.0,10.9,Low Value
17155.0,640.76,5,208,128.152,4442.602666666667,High Value
17156.0,591.87,1,0,591.87,19.729,Medium Value
17157.0,4832.9,17,255,284.2882352941176,41079.649999999994,VIP
17158.0,713.03,2,94,356.515,2234.1606666666667,Medium Value
17159.0,560.71,2,167,280.355,3121.2856666666667,High Value
17160.0,6691.13,11,361,608.2845454545454,80516.59766666665,VIP
17161.0,856.01,1,0,856.01,28.533666666666665,Medium Value
17163.0,406.68,2,229,203.34,3104.324,High Value
17165.0,1635.64,5,347,327.12800000000004,18918.90266666667,VIP
17167.0,867.11,3,65,289.0366666666667,1878.7383333333335,Medium Value
17168.0,400.2,1,0,400.2,13.34,Medium Value
17169.0,320.95,1,0,320.95,10.698333333333332,Low Value
17170.0,178.68,2,14,89.34,83.384,Medium Value
17171.0,159.68,1,0,159.68,5.322666666666667,Low Value
17172.0,638.81,2,296,319.405,6302.925333333333,High Value
17176.0,596.1899999999999,2,150,298.09499999999997,2980.95,High Value
17177.0,119.5,1,0,119.5,3.9833333333333334,Low Value
17178.0,436.71,1,0,436.71,14.556999999999999,Medium Value
17179.0,795.47,3,180,265.1566666666667,4772.82,High Value
17180.0,1460.95,7,264,208.70714285714286,12856.36,VIP
17181.0,225.45000000000002,2,222,112.72500000000001,1668.3300000000002,Medium Value
17182.0,321.3,2,295,160.65,3159.4500000000003,High Value
17184.0,198.41000000000003,2,161,99.20500000000001,1064.8003333333334,Medium Value
17185.0,229.46,3,6,76.48666666666666,45.891999999999996,Medium Value
17187.0,263.76,1,0,263.76,8.792,Low Value
17188.0,2118.7000000000003,6,284,353.11666666666673,20057.02666666667,VIP
17189.0,573.23,3,176,191.07666666666668,3362.949333333333,High Value
17190.0,1298.3,5,241,259.65999999999997,10429.676666666664,High Value
17191.0,2740.92,11,369,249.17454545454547,33713.316000000006,VIP
17192.0,77.83,1,0,77.83,2.594333333333333,Low Value
17193.0,610.74,2,351,305.37,7145.657999999999,High Value
17194.0,549.88,1,0,549.88,18.329333333333334,Medium Value
17195.0,562.98,1,0,562.98,18.766000000000002,Medium Value
17196.0,352.9,1,0,352.9,11.763333333333332,Low Value
17198.0,521.66,2,5,260.83,86.94333333333333,Medium Value
17199.0,145.12,1,0,145.12,4.8373333333333335,Low Value
17200.0,356.71,4,264,89.1775,3139.0480000000002,High Value
17201.0,899.41,3,143,299.80333333333334,4287.187666666667,High Value
17202.0,160.65,1,0,160.65,5.355,Low Value
17203.0,2012.03,4,0,503.0075,67.06766666666667,Medium Value
17204.0,3940.13,5,173,788.0260000000001,22721.416333333334,VIP
17205.0,615.27,2,148,307.635,3035.332,High Value
17207.0,303.21999999999997,1,0,303.21999999999997,10.107333333333333,Low Value
17208.0,115.35,1,0,115.35,3.8449999999999998,Low Value
17209.0,611.6,3,87,203.86666666666667,1773.64,Medium Value
17210.0,253.37,1,0,253.37,8.445666666666666,Low Value
17211.0,1729.43,6,356,288.23833333333334,20522.569333333337,VIP
17212.0,567.5600000000001,2,28,283.78000000000003,529.7226666666668,Medium Value
17213.0,2401.07,7,358,343.01000000000005,28652.76866666667,VIP
17215.0,186.15,1,0,186.15,6.205,Low Value
17216.0,65.05,1,0,65.05,2.168333333333333,Low Value
17217.0,104.5,1,0,104.5,3.4833333333333334,Low Value
17218.0,2231.96,9,314,247.99555555555557,23361.181333333334,VIP
17219.0,144.9,1,0,144.9,4.83,Low Value
17220.0,1283.5,7,270,183.35714285714286,11551.5,High Value
17221.0,643.39,3,15,214.46333333333334,321.695,Medium Value
17222.0,1250.86,5,220,250.17199999999997,9172.973333333332,High Value
17223.0,446.74,2,6,223.37,89.34800000000001,Medium Value
17224.0,100.86,1,0,100.86,3.362,Low Value
17225.0,131.15,1,0,131.15,4.371666666666667,Low Value
17226.0,506.63,2,220,253.315,3715.2866666666664,High Value
17227.0,1082.71,7,324,154.67285714285714,11693.268000000002,High Value
17228.0,1271.1499999999999,7,269,181.59285714285713,11397.978333333333,High Value
17230.0,6286.54,10,167,628.654,34995.07266666667,VIP
17231.0,4022.72,15,342,268.1813333333333,45859.008,VIP
17233.0,369.98,2,276,184.99,3403.816,High Value
17235.0,1354.82,7,180,193.54571428571427,8128.92,High Value
17236.0,1013.13,6,231,168.855,7801.101,High Value
17237.0,687.39,2,6,343.695,137.478,Medium Value
17238.0,4038.45,17,367,237.55588235294115,49403.704999999994,VIP
17239.0,806.95,3,139,268.98333333333335,3738.868333333334,High Value
17240.0,130.6,1,0,130.6,4.3533333333333335,Low Value
17241.0,2744.14,12,276,228.6783333333333,25246.087999999996,VIP
17242.0,1754.24,3,228,584.7466666666667,13332.224,VIP
17243.0,12213.01,44,368,277.5684090909091,149812.92266666668,VIP
17244.0,871.14,4,350,217.785,10163.3,High Value
17245.0,200.18,1,0,200.18,6.672666666666667,Low Value
17246.0,38.92,2,191,19.46,247.79066666666665,Medium Value
17248.0,227.51,1,0,227.51,7.583666666666666,Low Value
17249.0,68.03,1,0,68.03,2.2676666666666665,Low Value
17251.0,529.15,2,342,264.575,6032.3099999999995,High Value
17254.0,198.29,1,0,198.29,6.609666666666667,Low Value
17255.0,500.72,2,55,250.36,917.9866666666667,Medium Value
17256.0,258.93,3,118,86.31,1018.458,Medium Value
17257.0,192.73,2,0,96.365,6.424333333333333,Low Value
17258.0,417.3,2,268,208.65,3727.88,High Value
17259.0,1285.97,5,286,257.194,12259.580666666667,High Value
17260.0,120.95,1,0,120.95,4.031666666666666,Low Value
17261.0,230.44,1,0,230.44,7.681333333333333,Low Value
17262.0,1504.26,7,358,214.8942857142857,17950.836,VIP
17264.0,279.59,1,0,279.59,9.319666666666667,Low Value
17266.0,207.09,2,141,103.545,973.3230000000001,Medium Value
17268.0,970.25,7,286,138.60714285714286,9249.716666666667,High Value
17269.0,537.46,1,0,537.46,17.915333333333333,Medium Value
17270.0,604.4,2,262,302.2,5278.426666666666,High Value
17271.0,210.39,1,0,210.39,7.012999999999999,Low Value
17273.0,141.12,1,0,141.12,4.704,Low Value
17274.0,465.4,1,0,465.4,15.513333333333332,Medium Value
17275.0,114.52,1,0,114.52,3.817333333333333,Low Value
17276.0,508.39,1,0,508.39,16.94633333333333,Medium Value
17278.0,25.2,1,0,25.2,0.84,Low Value
17280.0,118.85999999999999,1,0,118.85999999999999,3.9619999999999993,Low Value
17281.0,797.8499999999999,6,299,132.975,7951.904999999999,High Value
17282.0,636.25,2,92,318.125,1951.1666666666667,Medium Value
17283.0,188.46,1,0,188.46,6.282,Low Value
17284.0,1140.58,2,56,570.29,2129.0826666666667,Medium Value
17285.0,428.34,2,34,214.17,485.45199999999994,Medium Value
17286.0,241.56,2,0,120.78,8.052,Low Value
17287.0,3047.85,16,368,190.490625,37386.96,VIP
17288.0,1080.25,4,3,270.0625,108.025,Medium Value
17289.0,1134.98,6,265,189.16333333333333,10025.656666666668,High Value
17290.0,976.2,6,344,162.70000000000002,11193.76,High Value
17292.0,271.75,2,107,135.875,969.2416666666667,Medium Value
17293.0,1899.1200000000001,8,342,237.39000000000001,21649.968,VIP
17294.0,467.78999999999996,2,0,233.89499999999998,15.592999999999998,Medium Value
17296.0,338.13,1,0,338.13,11.270999999999999,Low Value
17298.0,459.14,3,267,153.04666666666665,4086.346,High Value
17299.0,346.97,2,41,173.485,474.1923333333334,Medium Value
17300.0,393.64,2,90,196.82,1180.92,Medium Value
17301.0,132.8,1,0,132.8,4.426666666666667,Low Value
17304.0,111.5,1,0,111.5,3.716666666666667,Low Value
17305.0,2135.46,1,0,2135.46,71.182,Medium Value
17306.0,1151.04,2,10,575.52,383.67999999999995,Medium Value
17307.0,3999.8900000000003,11,293,363.6263636363637,39065.59233333334,VIP
17308.0,4511.76,2,59,2255.88,8873.128,High Value
17309.0,247.84,2,291,123.92,2404.048,High Value
17310.0,1025.1,2,147,512.55,5022.99,High Value
17311.0,2181.71,4,282,545.4275,20508.074,VIP
17314.0,2376.51,9,343,264.0566666666667,27171.431000000004,VIP
17315.0,3358.34,5,63,671.668,7052.514000000001,High Value
17316.0,124.45,1,0,124.45,4.148333333333333,Low Value
17318.0,164.28,1,0,164.28,5.476,Low Value
17319.0,29.1,1,0,29.1,0.9700000000000001,Low Value
17320.0,1695.15,4,318,423.7875,17968.59,VIP
17321.0,1040.32,4,183,260.08,6345.951999999999,High Value
17322.0,922.59,5,360,184.518,11071.08,High Value
17323.0,644.52,5,291,128.904,6251.843999999999,High Value
17324.0,1311.64,9,354,145.73777777777778,15477.352000000003,VIP
17325.0,512.77,2,230,256.385,3931.2366666666667,High Value
17326.0,321.95,2,121,160.975,1298.5316666666665,Medium Value
17327.0,152.35,2,152,76.175,771.9066666666666,Medium Value
17328.0,104.7,1,0,104.7,3.49,Low Value
17329.0,481.32,3,5,160.44,80.22,Medium Value
17330.0,59.900000000000006,2,103,29.950000000000003,205.65666666666667,Medium Value
17332.0,838.27,5,128,167.654,3576.6186666666667,High Value
17334.0,328.13,1,0,328.13,10.937666666666667,Low Value
17335.0,508.0,2,300,254.0,5080.0,High Value
17336.0,81.12,1,0,81.12,2.704,Low Value
17338.0,5498.64,9,264,610.96,48388.03200000001,VIP
17339.0,119.0,2,144,59.5,571.1999999999999,Medium Value
17340.0,10051.53,8,297,1256.44125,99510.14700000001,VIP
17341.0,1108.47,3,173,369.49,6392.177,High Value
17342.0,1227.54,4,290,306.885,11866.22,High Value
17343.0,1066.3,5,359,213.26,12760.056666666665,VIP
17344.0,307.54,1,0,307.54,10.251333333333333,Low Value
17345.0,1066.94,6,362,177.82333333333335,12874.409333333333,VIP
17346.0,2646.44,12,227,220.53666666666666,20024.729333333333,VIP
17348.0,1316.8899999999999,4,201,329.22249999999997,8823.162999999999,High Value
17349.0,741.5,4,251,185.375,6203.883333333334,High Value
17350.0,619.971,3,282,206.657,5827.727400000001,High Value
17351.0,1401.08,9,301,155.67555555555555,14057.502666666665,VIP
17352.0,36.25,1,0,36.25,1.2083333333333333,Low Value
17353.0,1502.0,2,132,751.0,6608.8,High Value
17354.0,1750.3999999999999,3,0,583.4666666666666,58.34666666666666,Medium Value
17355.0,285.11,1,0,285.11,9.503666666666668,Low Value
17356.0,768.25,4,133,192.0625,3405.9083333333333,High Value
17358.0,500.2,3,276,166.73333333333332,4601.839999999999,High Value
17359.0,156.6,1,0,156.6,5.22,Low Value
17360.0,645.59,3,48,215.1966666666667,1032.9440000000002,Medium Value
17361.0,392.44,2,0,196.22,13.081333333333333,Medium Value
17362.0,711.8100000000001,5,302,142.36200000000002,7165.554000000002,High Value
17363.0,940.86,3,6,313.62,188.17200000000003,Medium Value
17364.0,7589.24,17,356,446.4258823529412,90058.98133333333,VIP
17365.0,3423.42,7,289,489.06,32978.945999999996,VIP
17366.0,1096.24,2,23,548.12,840.4506666666667,Medium Value
17368.0,913.47,6,348,152.245,10596.252,High Value
17369.0,979.1999999999999,1,0,979.1999999999999,32.64,Medium Value
17371.0,238.66,3,108,79.55333333333333,859.1759999999999,Medium Value
17372.0,3034.88,20,354,151.744,35811.584,VIP
17373.0,520.58,3,230,173.52666666666667,3991.1133333333337,High Value
17374.0,231.34,1,0,231.34,7.711333333333333,Low Value
17375.0,260.45,1,0,260.45,8.681666666666667,Low Value
17376.0,250.44,2,117,125.22,976.716,Medium Value
17377.0,14218.49,60,371,236.97483333333332,175835.32633333333,VIP
17378.0,10.95,1,0,10.95,0.365,Low Value
17380.0,645.0,3,100,215.0,2150.0,Medium Value
17381.0,19726.76,12,179,1643.8966666666665,117703.00133333332,VIP
17382.0,836.88,7,133,119.55428571428571,3710.168,High Value
17383.0,110.69999999999999,1,0,110.69999999999999,3.6899999999999995,Low Value
17384.0,171.15,1,0,171.15,5.705,Low Value
17386.0,126.35000000000001,1,0,126.35000000000001,4.211666666666667,Low Value
17388.0,1432.01,7,308,204.57285714285715,14701.969333333334,VIP
17389.0,25391.0,27,361,940.4074074074074,305538.36666666664,VIP
17390.0,149.3,1,0,149.3,4.976666666666667,Low Value
17392.0,168.65,1,0,168.65,5.621666666666667,Low Value
17393.0,381.15,2,77,190.575,978.285,Medium Value
17395.0,97.5,1,0,97.5,3.25,Low Value
17396.0,1476.3,7,69,210.9,3395.49,High Value
17397.0,536.77,1,0,536.77,17.892333333333333,Medium Value
17400.0,2547.09,3,141,849.0300000000001,11971.323,High Value
17401.0,114.85,1,0,114.85,3.828333333333333,Low Value
17402.0,2462.33,12,353,205.19416666666666,28973.416333333334,VIP
17403.0,118.95,1,0,118.95,3.965,Low Value
17404.0,15874.3,8,292,1984.2875,154509.8533333333,VIP
17406.0,2704.63,11,366,245.87545454545455,32996.486,VIP
17407.0,552.9,1,0,552.9,18.43,Medium Value
17408.0,283.44000000000005,2,13,141.72000000000003,122.82400000000003,Medium Value
17409.0,7021.66,8,306,877.7075,71620.932,VIP
17411.0,646.44,2,349,323.22,7520.252,High Value
17412.0,3159.46,10,365,315.946,38440.096666666665,VIP
17413.0,560.14,2,165,280.07,3080.77,High Value
17414.0,1471.52,4,313,367.88,15352.858666666667,VIP
17416.0,10405.03,15,331,693.6686666666667,114802.16433333333,VIP
17417.0,164.18,1,0,164.18,5.472666666666667,Low Value
17418.0,206.60000000000002,1,0,206.60000000000002,6.886666666666668,Low Value
17419.0,2273.95,8,316,284.24375,23952.27333333333,VIP
17420.0,485.6,4,27,121.4,437.04,Medium Value
17421.0,1059.41,3,349,353.1366666666667,12324.469666666668,VIP
17422.0,1615.39,5,153,323.07800000000003,8238.489,High Value
17423.0,420.54,1,0,420.54,14.018,Medium Value
17426.0,3040.51,7,207,434.35857142857145,20979.519000000004,VIP
17428.0,14562.91,18,369,809.0505555555555,179123.793,VIP
17429.0,832.54,2,33,416.27,915.794,Medium Value
17430.0,469.40999999999997,3,114,156.47,1783.7579999999998,Medium Value
17432.0,1385.6299999999999,7,350,197.94714285714284,16165.68333333333,VIP
17433.0,266.8,1,0,266.8,8.893333333333334,Low Value
17435.0,331.35,1,0,331.35,11.045,Low Value
17436.0,317.76,3,324,105.92,3431.808,High Value
17437.0,373.17,1,0,373.17,12.439,Medium Value
17438.0,1034.32,4,196,258.58,6757.557333333333,High Value
17439.0,325.74,1,0,325.74,10.858,Low Value
17440.0,137.16,1,0,137.16,4.572,Low Value
17441.0,293.35,1,0,293.35,9.778333333333334,Low Value
17442.0,2371.74,9,280,263.52666666666664,22136.239999999998,VIP
17448.0,14556.97,46,147,316.45586956521737,71329.153,VIP
17449.0,2430.29,6,342,405.04833333333335,27705.306,VIP
17450.0,52422.3,7,70,7488.900000000001,122318.70000000001,VIP
17454.0,1030.41,6,230,171.735,7899.810000000001,High Value
17456.0,975.5600000000001,2,90,487.78000000000003,2926.6800000000003,High Value
17457.0,4247.11,9,352,471.90111111111105,49832.75733333333,VIP
17458.0,213.08,1,0,213.08,7.102666666666667,Low Value
17460.0,1605.8400000000001,12,314,133.82000000000002,16807.792,VIP
17463.0,661.5,2,28,330.75,617.4,Medium Value
17464.0,710.98,2,97,355.49,2298.8353333333334,Medium Value
17465.0,2542.79,7,310,363.2557142857143,26275.496666666666,VIP
17467.0,102.6,1,0,102.6,3.42,Low Value
17468.0,57.8,1,0,57.8,1.9266666666666665,Low Value
17469.0,3180.28,12,323,265.02333333333337,34241.01466666668,VIP
17470.0,1679.8,7,140,239.97142857142856,7839.066666666667,High Value
17471.0,321.65000000000003,1,0,321.65000000000003,10.721666666666668,Low Value
17472.0,224.81,1,0,224.81,7.493666666666667,Low Value
17473.0,607.0,2,47,303.5,950.9666666666667,Medium Value
17474.0,1047.0,1,0,1047.0,34.9,Medium Value
17476.0,489.86,2,341,244.93,5568.075333333334,High Value
17477.0,1144.3,2,34,572.15,1296.8733333333332,Medium Value
17478.0,1272.8,2,225,636.4,9546.0,High Value
17479.0,389.26000000000005,1,0,389.26000000000005,12.975333333333335,Medium Value
17480.0,390.21,1,0,390.21,13.007,Medium Value
17482.0,778.19,2,91,389.095,2360.509666666667,High Value
17483.0,177.69,1,0,177.69,5.923,Low Value
17484.0,209.57,2,47,104.785,328.3263333333333,Medium Value
17487.0,160.55,1,0,160.55,5.351666666666667,Low Value
17488.0,336.5,1,0,336.5,11.216666666666667,Low Value
17490.0,658.18,2,181,329.09,3971.019333333333,High Value
17491.0,2422.2000000000003,8,223,302.77500000000003,18005.020000000004,VIP
17492.0,747.85,2,40,373.925,997.1333333333333,Medium Value
17493.0,100.91000000000001,1,0,100.91000000000001,3.363666666666667,Low Value
17494.0,54.699999999999996,1,0,54.699999999999996,1.8233333333333333,Low Value
17495.0,309.16,1,0,309.16,10.305333333333333,Low Value
17496.0,1141.84,3,130,380.6133333333333,4947.973333333332,High Value
17497.0,287.25,2,220,143.625,2106.5,Medium Value
17499.0,718.51,1,0,718.51,23.950333333333333,Medium Value
17504.0,6568.09,9,289,729.7877777777778,63272.60033333333,VIP
17505.0,1289.64,3,54,429.88000000000005,2321.3520000000003,Medium Value
17508.0,4191.92,7,351,598.8457142857143,49045.464,VIP
17510.0,206.07999999999998,1,0,206.07999999999998,6.869333333333333,Low Value
17511.0,84541.17,31,369,2727.1345161290324,1039856.3910000001,VIP
17512.0,2542.83,8,276,317.85375,23394.035999999996,VIP
17513.0,645.6,2,70,322.8,1506.4,Medium Value
17514.0,334.18,1,0,334.18,11.139333333333333,Low Value
17515.0,978.4399999999999,5,156,195.688,5087.888,High Value
17516.0,189.47,1,0,189.47,6.315666666666667,Low Value
17518.0,329.42,2,195,164.71,2141.23,Medium Value
17519.0,3265.45,10,370,326.54499999999996,40273.88333333333,VIP
17521.0,554.85,2,40,277.425,739.8,Medium Value
17524.0,394.14,2,0,197.07,13.138,Medium Value
17525.0,739.2,2,31,369.6,763.8400000000001,Medium Value
17526.0,2970.14,9,356,330.0155555555555,35245.66133333333,VIP
17529.0,1240.25,2,87,620.125,3596.725,High Value
17530.0,756.51,3,368,252.17,9279.856,High Value
17531.0,970.12,2,90,485.06,2910.36,High Value
17532.0,65.34,1,0,65.34,2.178,Low Value
17533.0,34.8,1,0,34.8,1.16,Low Value
17534.0,1445.47,4,200,361.3675,9636.466666666667,High Value
17536.0,288.33,2,262,144.165,2518.0819999999994,High Value
17539.0,1226.57,4,108,306.6425,4415.652,High Value
17540.0,1011.7,4,216,252.925,7284.240000000001,High Value
17541.0,124.46,1,0,124.46,4.148666666666666,Low Value
17542.0,170.95,2,0,85.475,5.698333333333333,Low Value
17543.0,120.05,1,0,120.05,4.001666666666667,Low Value
17544.0,960.69,3,0,320.23,32.023,Medium Value
17545.0,802.58,3,187,267.5266666666667,5002.748666666667,High Value
17547.0,727.85,2,289,363.925,7011.621666666667,High Value
17548.0,627.96,3,17,209.32000000000002,355.844,Medium Value
17550.0,2280.48,6,272,380.08,20676.352,VIP
17552.0,2154.88,10,255,215.488,18316.48,VIP
17553.0,2270.0,3,138,756.6666666666666,10442.0,High Value
17555.0,574.48,3,160,191.49333333333334,3063.8933333333334,High Value
17556.0,142.77,1,0,142.77,4.759,Low Value
17557.0,34.0,1,0,34.0,1.1333333333333333,Low Value
17558.0,259.17,1,0,259.17,8.639000000000001,Low Value
17559.0,167.62,1,0,167.62,5.5873333333333335,Low Value
17560.0,1040.85,4,265,260.2125,9194.175,High Value
17561.0,554.72,3,342,184.90666666666667,6323.808000000001,High Value
17563.0,392.38,2,33,196.19,431.61800000000005,Medium Value
17565.0,131.83,1,0,131.83,4.394333333333334,Low Value
17567.0,1024.55,2,69,512.275,2356.4649999999997,Medium Value
17568.0,382.79,1,0,382.79,12.759666666666668,Medium Value
17570.0,100.0,1,0,100.0,3.3333333333333335,Low Value
17571.0,205.23999999999998,1,0,205.23999999999998,6.841333333333332,Low Value
17572.0,496.26000000000005,7,351,70.89428571428572,5806.241999999999,High Value
17575.0,171.7,1,0,171.7,5.723333333333333,Low Value
17576.0,5434.13,23,371,236.26652173913044,67202.07433333334,VIP
17577.0,348.75,2,23,174.375,267.375,Medium Value
17578.0,903.87,6,55,150.645,1657.0950000000003,Medium Value
17579.0,304.38,1,0,304.38,10.145999999999999,Low Value
17580.0,329.55,2,45,164.775,494.32500000000005,Medium Value
17581.0,7712.71,20,364,385.6355,93580.88133333332,VIP
17582.0,1275.43,4,177,318.8575,7525.037000000001,High Value
17583.0,135.95,1,0,135.95,4.531666666666666,Low Value
17584.0,4067.12,4,216,1016.78,29283.264,VIP
17585.0,960.23,3,32,320.07666666666665,1024.2453333333333,Medium Value
17586.0,167.4,1,0,167.4,5.58,Low Value
17587.0,181.66,1,0,181.66,6.0553333333333335,Low Value
17588.0,1699.35,4,241,424.8375,13651.445,VIP
17589.0,11645.7,14,257,831.8357142857143,99764.83,VIP
17591.0,550.7,2,323,275.35,5929.203333333334,High Value
17592.0,148.3,1,0,148.3,4.943333333333333,Low Value
17593.0,4168.46,6,326,694.7433333333333,45297.26533333334,VIP
17594.0,1504.7,2,155,752.35,7774.283333333334,High Value
17596.0,2092.74,7,355,298.9628571428571,24764.09,VIP
17597.0,1439.72,4,164,359.93,7870.469333333333,High Value
17598.0,409.98,1,0,409.98,13.666,Medium Value
17599.0,52.05,1,0,52.05,1.7349999999999999,Low Value
17601.0,305.46999999999997,1,0,305.46999999999997,10.182333333333332,Low Value
17602.0,2348.16,8,147,293.52,11505.984,High Value
17603.0,1398.76,3,112,466.25333333333333,5222.037333333334,High Value
17604.0,636.57,4,258,159.1425,5474.502,High Value
17605.0,160.75,1,0,160.75,5.358333333333333,Low Value
17606.0,87.30000000000001,1,0,87.30000000000001,2.91,Low Value
17607.0,333.81,1,0,333.81,11.127,Low Value
17608.0,305.11,2,158,152.555,1606.9126666666666,Medium Value
17609.0,782.12,6,206,130.35333333333332,5370.557333333332,High Value
17610.0,1529.49,5,193,305.898,9839.719000000003,High Value
17611.0,4387.76,13,317,337.52000000000004,46363.99733333333,VIP
17612.0,3346.41,12,343,278.8675,38260.621,VIP
17615.0,403.6,3,97,134.53333333333333,1304.9733333333334,Medium Value
17616.0,489.59999999999997,2,83,244.79999999999998,1354.56,Medium Value
17617.0,395.33,1,0,395.33,13.177666666666665,Medium Value
17618.0,3101.66,8,301,387.7075,31119.988666666664,VIP
17621.0,1795.22,3,27,598.4066666666666,1615.6979999999999,Medium Value
17622.0,1130.21,2,0,565.105,37.67366666666667,Medium Value
17623.0,1856.6200000000001,6,315,309.43666666666667,19494.51,VIP
17624.0,725.15,2,282,362.575,6816.41,High Value
17625.0,4020.8,4,278,1005.2,37259.41333333334,VIP
17626.0,254.0,1,0,254.0,8.466666666666667,Low Value
17627.0,296.36,1,0,296.36,9.878666666666668,Low Value
17629.0,641.4,2,33,320.7,705.5400000000001,Medium Value
17631.0,470.16,4,355,117.54,5563.56,High Value
17633.0,732.55,3,9,244.1833333333333,219.765,Medium Value
17635.0,1265.58,3,166,421.85999999999996,7002.875999999999,High Value
17638.0,842.4,2,74,421.2,2077.92,Medium Value
17639.0,506.67,5,96,101.334,1621.344,Medium Value
17640.0,2547.28,5,247,509.456,20972.605333333333,VIP
17642.0,1112.2,3,304,370.73333333333335,11270.293333333333,High Value
17643.0,439.7,2,132,219.85,1934.68,Medium Value
17644.0,3132.96,9,267,348.1066666666667,27883.344,VIP
17646.0,3141.4,10,358,314.14,37487.37333333333,VIP
17647.0,198.6,2,0,99.3,6.62,Low Value
17648.0,418.87,1,0,418.87,13.962333333333333,Medium Value
17649.0,710.4,2,2,355.2,47.36,Medium Value
17651.0,1758.52,6,28,293.08666666666664,1641.2853333333333,Medium Value
17655.0,1013.54,3,50,337.84666666666664,1689.2333333333333,Medium Value
17657.0,126.0,1,0,126.0,4.2,Low Value
17659.0,835.33,3,14,278.4433333333333,389.8206666666666,Medium Value
17660.0,163.47,1,0,163.47,5.449,Low Value
17662.0,412.92,2,60,206.46,825.84,Medium Value
17663.0,3372.92,10,227,337.29200000000003,25521.761333333332,VIP
17664.0,561.59,2,145,280.795,2714.3516666666665,High Value
17665.0,563.1,1,0,563.1,18.77,Medium Value
17666.0,1319.6399999999999,3,50,439.87999999999994,2199.4,Medium Value
17667.0,1895.19,4,219,473.7975,13834.887,VIP
17669.0,2735.63,3,154,911.8766666666667,14042.900666666668,VIP
17671.0,830.63,2,10,415.315,276.87666666666667,Medium Value
17672.0,2600.46,5,264,520.092,22884.048000000003,VIP
17673.0,2604.46,7,255,372.0657142857143,22137.91,VIP
17674.0,300.66,1,0,300.66,10.022,Low Value
17675.0,17885.32,40,361,447.133,215220.01733333332,VIP
17676.0,1378.16,5,253,275.632,11622.482666666669,High Value
17677.0,20329.68,28,357,726.0600000000001,241923.192,VIP
17678.0,301.65,1,0,301.65,10.055,Low Value
17679.0,1585.5,5,214,317.1,11309.900000000001,High Value
17680.0,313.05,2,127,156.525,1325.2450000000001,Medium Value
17681.0,731.2,5,96,146.24,2339.84,Medium Value
17682.0,1982.45,6,273,330.40833333333336,18040.295000000002,VIP
17683.0,819.01,3,168,273.00333333333333,4586.455999999999,High Value
17685.0,2751.64,6,294,458.6066666666666,26966.072,VIP
17686.0,2557.35,2,110,1278.675,9376.949999999999,High Value
17687.0,432.68,1,0,432.68,14.422666666666666,Medium Value
17688.0,304.2,1,0,304.2,10.139999999999999,Low Value
17689.0,317.08,2,85,158.54,898.3933333333333,Medium Value
17690.0,2690.15,8,308,336.26875,27618.873333333337,VIP
17691.0,489.65000000000003,3,177,163.21666666666667,2888.935,High Value
17692.0,2234.86,8,144,279.3575,10727.328,High Value
17694.0,1412.85,2,51,706.425,2401.845,High Value
17695.0,980.7,3,286,326.90000000000003,9349.34,High Value
17696.0,5393.88,19,346,283.8884210526316,62209.416,VIP
17699.0,442.0,2,84,221.0,1237.6,Medium Value
17700.0,4145.33,10,357,414.533,49329.427,VIP
17702.0,1319.67,2,17,659.835,747.813,Medium Value
17703.0,296.1,1,0,296.1,9.870000000000001,Low Value
17705.0,260.38,2,121,130.19,1050.1993333333332,Medium Value
17706.0,10245.49,17,322,602.6758823529411,109968.25933333332,VIP
17707.0,456.90000000000003,6,356,76.15,5421.880000000001,High Value
17708.0,620.85,2,20,310.425,413.9,Medium Value
17709.0,533.56,4,132,133.39,2347.6639999999998,Medium Value
17710.0,293.5,1,0,293.5,9.783333333333333,Low Value
17713.0,1198.09,4,166,299.5225,6629.431333333333,High Value
17714.0,1257.18,4,88,314.295,3687.728,High Value
17715.0,163.2,1,0,163.2,5.4399999999999995,Low Value
17716.0,10300.98,13,340,792.3830769230769,116744.44,VIP
17717.0,376.92,1,0,376.92,12.564,Medium Value
17718.0,299.83,1,0,299.83,9.994333333333334,Low Value
17720.0,1572.97,7,211,224.71,11063.222333333333,High Value
17721.0,307.21000000000004,1,0,307.21000000000004,10.240333333333334,Low Value
17722.0,2006.32,2,9,1003.16,601.896,Medium Value
17723.0,102.0,1,0,102.0,3.4,Low Value
17726.0,1092.06,7,286,156.00857142857143,10410.972,High Value
17728.0,1362.75,2,49,681.375,2225.825,Medium Value
17729.0,438.65000000000003,1,0,438.65000000000003,14.621666666666668,Medium Value
17730.0,2475.32,7,207,353.6171428571429,17079.708000000002,VIP
17731.0,468.88,2,47,234.44,734.5786666666667,Medium Value
17732.0,2166.42,8,115,270.8025,8304.61,High Value
17734.0,741.69,3,116,247.23000000000002,2867.8680000000004,High Value
17735.0,4134.91,8,129,516.86375,17780.112999999998,VIP
17738.0,2304.51,9,235,256.0566666666667,18051.995000000003,VIP
17739.0,4939.24,11,357,449.02181818181816,58776.956,VIP
17740.0,426.9,6,308,71.14999999999999,4382.84,High Value
17741.0,101.1,2,153,50.55,515.6099999999999,Medium Value
17742.0,1743.3700000000001,9,310,193.70777777777778,18014.823333333334,VIP
17743.0,229.2,1,0,229.2,7.64,Low Value
17744.0,326.74,1,0,326.74,10.891333333333334,Low Value
17745.0,600.34,2,78,300.17,1560.8840000000002,Medium Value
17746.0,793.9300000000001,3,139,264.6433333333334,3678.5423333333338,High Value
17748.0,358.15,1,0,358.15,11.938333333333333,Low Value
17749.0,351.66,1,0,351.66,11.722000000000001,Low Value
17751.0,157.85999999999999,1,0,157.85999999999999,5.262,Low Value
17753.0,390.56,4,238,97.64,3098.442666666667,High Value
17754.0,2805.27,8,353,350.65875,33008.677,VIP
17756.0,733.7,3,18,244.5666666666667,440.22,Medium Value
17757.0,3817.16,28,326,136.32714285714286,41479.80533333333,VIP
17758.0,1555.83,4,140,388.9575,7260.54,High Value
17759.0,441.92,2,190,220.96,2798.826666666667,High Value
17760.0,631.34,5,276,126.268,5808.3279999999995,High Value
17762.0,129.75,1,0,129.75,4.325,Low Value
17763.0,71.15,3,5,23.71666666666667,11.858333333333334,Low Value
17764.0,804.82,3,334,268.27333333333337,8960.329333333335,High Value
17765.0,158.92,1,0,158.92,5.297333333333333,Low Value
17766.0,299.61,2,0,149.805,9.987,Low Value
17767.0,141.85,1,0,141.85,4.7283333333333335,Low Value
17768.0,1236.33,4,350,309.0825,14423.849999999999,VIP
17769.0,3105.1,7,306,443.5857142857143,31672.019999999997,VIP
17771.0,141.6,2,153,70.8,722.16,Medium Value
17772.0,202.0,1,0,202.0,6.733333333333333,Low Value
17773.0,585.27,2,175,292.635,3414.075,High Value
17774.0,2102.64,5,271,420.52799999999996,18993.847999999998,VIP
17776.0,338.56,2,336,169.28,3791.872,High Value
17778.0,197.70000000000002,1,0,197.70000000000002,6.590000000000001,Low Value
17780.0,352.91,3,17,117.63666666666667,199.98233333333334,Medium Value
17782.0,679.02,2,0,339.51,22.634,Medium Value
17783.0,96.44,1,0,96.44,3.2146666666666666,Low Value
17784.0,112.86,1,0,112.86,3.762,Low Value
17785.0,271.44,2,120,135.72,1085.76,Medium Value
17787.0,736.28,1,0,736.28,24.542666666666666,Medium Value
17789.0,171.25,1,0,171.25,5.708333333333333,Low Value
17790.0,818.06,6,165,136.34333333333333,4499.33,High Value
17792.0,370.05,2,11,185.025,135.685,Medium Value
17794.0,147.3,2,1,73.65,4.91,Low Value
17796.0,664.09,4,51,166.0225,1128.953,Medium Value
17797.0,1205.44,5,329,241.08800000000002,13219.658666666668,VIP
17798.0,183.09,1,0,183.09,6.103,Low Value
17799.0,3285.96,10,336,328.596,36802.752,VIP
17801.0,798.3299999999999,3,240,266.10999999999996,6386.639999999999,High Value
17802.0,3768.08,8,354,471.01,44463.344000000005,VIP
17803.0,184.66,1,0,184.66,6.155333333333333,Low Value
17804.0,385.23,3,362,128.41,4648.442,High Value
17805.0,414.72,1,0,414.72,13.824,Medium Value
17807.0,437.87,3,309,145.95666666666668,4510.061000000001,High Value
17808.0,262.64,4,32,65.66,280.1493333333333,Medium Value
17809.0,5925.4800000000005,11,365,538.6800000000001,72093.34,VIP
17810.0,374.81,2,15,187.405,187.405,Medium Value
17811.0,1772.07,8,70,221.50875,4134.83,High Value
17812.0,433.73,4,162,108.4325,2342.1420000000003,Medium Value
17814.0,1617.32,2,47,808.66,2533.8013333333333,High Value
17815.0,591.96,1,0,591.96,19.732,Medium Value
17816.0,75.76,3,358,25.253333333333334,904.0693333333334,Medium Value
17817.0,420.17,3,43,140.05666666666667,602.2436666666667,Medium Value
17818.0,130.18,1,0,130.18,4.339333333333333,Low Value
17819.0,2907.65,6,354,484.60833333333335,34310.270000000004,VIP
17820.0,183.56,1,0,183.56,6.118666666666667,Low Value
17821.0,334.62,1,0,334.62,11.154,Low Value
17822.0,2188.5,5,140,437.7,10213.0,High Value
17823.0,494.25,2,0,247.125,16.475,Medium Value
17825.0,731.96,4,126,182.99,3074.2320000000004,High Value
17826.0,134.59,1,0,134.59,4.4863333333333335,Low Value
17827.0,392.59,1,0,392.59,13.086333333333332,Medium Value
17829.0,3867.5,4,245,966.875,31584.583333333332,VIP
17833.0,342.36,1,0,342.36,11.412,Low Value
17834.0,730.47,2,30,365.235,730.47,Medium Value
17838.0,3943.6000000000004,10,265,394.36,34835.13333333334,VIP
17840.0,185.72,1,0,185.72,6.190666666666667,Low Value
17841.0,29892.5,91,372,328.489010989011,370667.0,VIP
17842.0,430.69,1,0,430.69,14.356333333333334,Medium Value
17843.0,120.75,1,0,120.75,4.025,Low Value
17845.0,598.19,4,21,149.5475,418.733,Medium Value
17847.0,129.69,2,129,64.845,557.6669999999999,Medium Value
17848.0,2749.7,21,316,130.93809523809523,28963.506666666664,VIP
17849.0,457.96000000000004,4,154,114.49000000000001,2350.8613333333337,Medium Value
17850.0,51208.87,155,362,330.3798064516129,617920.3646666667,VIP
17851.0,1563.34,6,313,260.5566666666667,16310.847333333335,VIP
17852.0,548.87,3,342,182.95666666666668,6257.118,High Value
17853.0,1608.19,3,329,536.0633333333334,17636.483666666667,VIP
17854.0,760.19,4,269,190.0475,6816.370333333334,High Value
17855.0,208.97,1,0,208.97,6.9656666666666665,Low Value
17857.0,1803.2,2,275,901.6,16529.333333333332,VIP
17858.0,7641.99,19,363,402.21,92468.079,VIP
17860.0,762.74,4,359,190.685,9127.455333333333,High Value
17861.0,3026.89,10,344,302.68899999999996,34708.33866666666,VIP
17862.0,948.1899999999999,3,177,316.06333333333333,5594.321000000001,High Value
17863.0,2585.2,7,283,369.3142857142857,24387.053333333333,VIP
17864.0,326.82,2,42,163.41,457.54799999999994,Medium Value
17865.0,15848.07,26,362,609.5411538461539,191233.378,VIP
17866.0,805.3000000000001,2,240,402.65000000000003,6442.400000000001,High Value
17867.0,424.18,9,327,47.13111111111111,4623.562,High Value
17868.0,234.65,1,0,234.65,7.821666666666666,Low Value
17869.0,607.98,3,179,202.66,3627.614,High Value
17870.0,1213.8,2,14,606.9,566.4399999999999,Medium Value
17871.0,963.09,4,295,240.7725,9470.385,High Value
17872.0,235.87,1,0,235.87,7.862333333333333,Low Value
17873.0,4656.72,14,349,332.6228571428572,54173.176,VIP
17875.0,167.1,1,0,167.1,5.569999999999999,Low Value
17876.0,3424.02,3,275,1141.34,31386.849999999995,VIP
17878.0,1032.88,2,0,516.44,34.42933333333334,Medium Value
17880.0,366.0,2,90,183.0,1098.0,Medium Value
17882.0,313.46,2,0,156.73,10.448666666666666,Low Value
17883.0,324.08,3,112,108.02666666666666,1209.8986666666667,Medium Value
17884.0,2355.44,18,366,130.85777777777778,28736.368,VIP
17886.0,708.77,3,152,236.25666666666666,3591.101333333333,High Value
17888.0,1094.39,17,343,64.37588235294118,12512.525666666665,VIP
17889.0,571.0,5,244,114.2,4644.133333333333,High Value
17894.0,1333.57,11,103,121.23363636363636,4578.590333333333,High Value
17897.0,2018.4,8,208,252.3,13994.240000000002,VIP
17898.0,147.12,2,114,73.56,559.056,Medium Value
17901.0,149.7,2,0,74.85,4.989999999999999,Low Value
17902.0,216.39999999999998,1,0,216.39999999999998,7.213333333333332,Low Value
17903.0,381.09000000000003,1,0,381.09000000000003,12.703000000000001,Medium Value
17905.0,1583.28,10,306,158.328,16149.455999999998,VIP
17907.0,291.76,1,0,291.76,9.725333333333333,Low Value
17908.0,1168.26,5,351,233.652,13668.642,VIP
17909.0,132.55,1,0,132.55,4.418333333333334,Low Value
17910.0,261.7,1,0,261.7,8.723333333333333,Low Value
17912.0,64.49,1,0,64.49,2.1496666666666666,Low Value
17913.0,3068.04,12,336,255.67,34362.047999999995,VIP
17915.0,242.13,1,0,242.13,8.071,Low Value
17916.0,43.87,2,104,21.935,152.08266666666665,Medium Value
17918.0,396.39,3,4,132.13,52.852,Medium Value
17919.0,536.28,1,0,536.28,17.875999999999998,Medium Value
17920.0,20312.36,39,365,520.8297435897437,247133.71333333338,VIP
17921.0,1596.98,6,132,266.16333333333336,7026.712,High Value
17922.0,170.4,1,0,170.4,5.68,Low Value
17923.0,289.5,2,16,144.75,154.4,Medium Value
17924.0,574.2,2,40,287.1,765.6,Medium Value
17925.0,244.08,1,0,244.08,8.136000000000001,Low Value
17926.0,638.2,3,135,212.73333333333335,2871.9,High Value
17927.0,294.0,1,0,294.0,9.8,Low Value
17928.0,128.7,1,0,128.7,4.289999999999999,Low Value
17929.0,2239.1,8,343,279.8875,25600.376666666667,VIP
17930.0,2534.74,8,251,316.8425,21207.324666666667,VIP
17931.0,3028.93,12,263,252.41083333333333,26553.61966666667,VIP
17933.0,114.69,1,0,114.69,3.823,Low Value
17934.0,344.90000000000003,1,0,344.90000000000003,11.496666666666668,Low Value
17935.0,540.35,5,334,108.07000000000001,6015.8966666666665,High Value
17938.0,144.29,1,0,144.29,4.809666666666667,Low Value
17940.0,26286.75,6,291,4381.125,254981.47499999998,VIP
17941.0,1128.72,3,111,376.24,4176.264,High Value
17944.0,75.41,1,0,75.41,2.5136666666666665,Low Value
17945.0,360.35,3,0,120.11666666666667,12.011666666666667,Low Value
17949.0,60117.6,74,366,812.4,733434.72,VIP
17950.0,950.61,6,338,158.435,10710.206,High Value
17951.0,627.5400000000001,2,30,313.77000000000004,627.5400000000001,Medium Value
17952.0,819.61,4,163,204.9025,4453.214333333333,High Value
17953.0,160.82,1,0,160.82,5.360666666666666,Low Value
17954.0,1633.33,9,362,181.4811111111111,19708.848666666665,VIP
17955.0,392.6,2,9,196.3,117.78,Medium Value
17958.0,465.42,1,0,465.42,15.514000000000001,Medium Value
17959.0,140.75,1,0,140.75,4.691666666666666,Low Value
17960.0,61.300000000000004,2,118,30.650000000000002,241.11333333333334,Medium Value
17961.0,1699.1,62,366,27.404838709677417,20729.019999999997,VIP
17962.0,584.59,3,146,194.86333333333334,2845.0046666666667,High Value
17963.0,651.51,4,217,162.8775,4712.589,High Value
17964.0,261.76,1,0,261.76,8.725333333333333,Low Value
17965.0,4618.41,17,360,271.67117647058825,55420.92,VIP
17966.0,875.99,5,98,175.198,2861.5673333333334,High Value
17967.0,234.22,2,44,117.11,343.5226666666666,Medium Value
17968.0,610.6899999999999,4,138,152.67249999999999,2809.1739999999995,High Value
17969.0,2141.7400000000002,18,230,118.98555555555556,16420.006666666668,VIP
17971.0,161.94,1,0,161.94,5.398,Low Value
17974.0,1117.27,3,25,372.42333333333335,931.0583333333334,Medium Value
17975.0,2540.02,12,124,211.66833333333332,10498.749333333335,High Value
17976.0,353.19,1,0,353.19,11.773,Low Value
17977.0,1277.49,1,0,1277.49,42.583,Medium Value
17978.0,1160.84,4,366,290.21,14162.247999999998,VIP
17980.0,221.97,1,0,221.97,7.399,Low Value
17981.0,239.12,1,0,239.12,7.970666666666666,Low Value
17982.0,138.18,1,0,138.18,4.606,Low Value
17983.0,171.71,1,0,171.71,5.7236666666666665,Low Value
17984.0,1038.59,4,346,259.6475,11978.404666666665,High Value
17987.0,805.07,4,174,201.2675,4669.406,High Value
17988.0,288.42,7,245,41.20285714285715,2355.43,Medium Value
17989.0,228.82999999999998,1,0,228.82999999999998,7.627666666666666,Low Value
17990.0,896.77,3,351,298.92333333333335,10492.208999999999,High Value
17991.0,227.2,1,0,227.2,7.573333333333333,Low Value
17992.0,254.13,1,0,254.13,8.471,Low Value
17993.0,235.19,1,0,235.19,7.839666666666666,Low Value
17994.0,1634.83,7,231,233.54714285714286,12588.190999999999,VIP
17995.0,419.38,2,4,209.69,55.91733333333333,Medium Value
17996.0,482.33,3,166,160.77666666666667,2668.8926666666666,High Value
17998.0,639.24,3,358,213.08,7628.264,High Value
17999.0,348.84,2,12,174.42,139.536,Medium Value
18000.0,124.25,1,0,124.25,4.141666666666667,Low Value
18001.0,536.61,4,287,134.1525,5133.569,High Value
18002.0,249.92,4,355,62.48,2957.3866666666668,High Value
18003.0,358.61,1,0,358.61,11.953666666666667,Low Value
18006.0,553.1800000000001,3,340,184.39333333333335,6269.373333333335,High Value
18007.0,220.32,1,0,220.32,7.343999999999999,Low Value
18008.0,17670.94,14,287,1262.2099999999998,169051.99266666666,VIP
18009.0,1898.49,7,110,271.21285714285716,6961.130000000001,High Value
18011.0,424.24,2,194,212.12,2743.418666666667,High Value
18012.0,115.3,1,0,115.3,3.8433333333333333,Low Value
18016.0,476.90000000000003,2,270,238.45000000000002,4292.1,High Value
18017.0,165.0,1,0,165.0,5.5,Low Value
18018.0,175.85,2,21,87.925,123.09499999999998,Medium Value
18020.0,190.48000000000002,1,0,190.48000000000002,6.349333333333334,Low Value
18021.0,227.06,2,2,113.53,15.137333333333332,Medium Value
18022.0,983.68,4,160,245.92,5246.293333333333,High Value
18025.0,1177.72,6,239,196.28666666666666,9382.502666666667,High Value
18026.0,2074.07,2,4,1037.035,276.54266666666666,Medium Value
18028.0,192.05,1,0,192.05,6.401666666666667,Low Value
18029.0,433.77,1,0,433.77,14.459,Medium Value
18031.0,462.09999999999997,1,0,462.09999999999997,15.403333333333332,Medium Value
18034.0,370.82,1,0,370.82,12.360666666666667,Medium Value
18035.0,546.34,2,0,273.17,18.211333333333336,Medium Value
18036.0,1158.02,8,336,144.7525,12969.823999999999,VIP
18037.0,97.39999999999999,9,316,10.822222222222221,1025.9466666666665,Medium Value
18038.0,149.41,1,0,149.41,4.980333333333333,Low Value
18039.0,579.17,4,266,144.7925,5135.307333333333,High Value
18041.0,4568.99,20,329,228.4495,50106.59033333333,VIP
18042.0,116.1,1,0,116.1,3.8699999999999997,Low Value
18043.0,316.46,1,0,316.46,10.548666666666666,Low Value
18044.0,1417.01,8,172,177.12625,8124.190666666666,High Value
18046.0,189.63,1,0,189.63,6.321,Low Value
18047.0,342.69,2,0,171.345,11.423,Low Value
18048.0,229.44,1,0,229.44,7.648,Low Value
18049.0,556.52,2,153,278.26,2838.2519999999995,High Value
18050.0,337.66,1,0,337.66,11.255333333333335,Low Value
18051.0,2282.28,7,96,326.04,7303.296000000001,High Value
18052.0,10877.18,1,0,10877.18,362.5726666666667,Medium Value
18053.0,271.05,2,1,135.525,9.035,Low Value
18054.0,176.5,1,0,176.5,5.883333333333333,Low Value
18055.0,4411.38,6,45,735.23,6617.07,High Value
18056.0,190.95,1,0,190.95,6.364999999999999,Low Value
18057.0,1203.56,3,297,401.18666666666667,11915.244,High Value
18058.0,603.9,2,126,301.95,2536.38,High Value
18060.0,1185.46,2,156,592.73,6164.392000000001,High Value
18061.0,4369.56,19,369,229.9768421052632,53745.58800000001,VIP
18062.0,912.15,3,211,304.05,6415.455000000001,High Value
18063.0,186.60000000000002,2,242,93.30000000000001,1505.2400000000002,Medium Value
18064.0,3681.03,9,230,409.00333333333333,28221.23,VIP
18065.0,3473.8,15,341,231.58666666666667,39485.52666666667,VIP
18066.0,1122.4,2,28,561.2,1047.5733333333335,Medium Value
18069.0,2503.89,6,265,417.315,22117.695,VIP
18070.0,314.1,1,0,314.1,10.47,Low Value
18071.0,975.63,5,369,195.126,12000.249,High Value
18074.0,1019.44,2,131,509.72,4451.554666666667,High Value
18075.0,3171.54,10,124,317.154,13109.032000000001,VIP
18076.0,151.49,1,0,151.49,5.049666666666667,Low Value
18077.0,1705.55,8,365,213.19375,20750.858333333334,VIP
18078.0,508.47,2,203,254.235,3440.647,High Value
18079.0,590.78,1,0,590.78,19.692666666666664,Medium Value
18083.0,470.72999999999996,1,0,470.72999999999996,15.690999999999999,Medium Value
18084.0,722.4499999999999,2,5,361.22499999999997,120.40833333333332,Medium Value
18085.0,955.8000000000001,3,255,318.6,8124.3,High Value
18087.0,10705.8,15,359,713.7199999999999,128112.73999999999,VIP
18089.0,428.45,1,0,428.45,14.281666666666666,Medium Value
18090.0,349.4,1,0,349.4,11.646666666666667,Low Value
18091.0,360.85,1,0,360.85,12.028333333333334,Low Value
18092.0,7111.18,8,369,888.8975,87467.51400000001,VIP
18093.0,2346.19,4,174,586.5475,13607.902,VIP
18094.0,3374.2200000000003,6,255,562.37,28680.870000000003,VIP
18095.0,1723.04,3,172,574.3466666666667,9878.762666666667,High Value
18096.0,894.13,3,70,298.04333333333335,2086.3033333333337,Medium Value
18097.0,1965.52,5,336,393.104,22013.823999999997,VIP
18098.0,550.84,1,0,550.84,18.361333333333334,Medium Value
18100.0,451.56,1,0,451.56,15.052,Medium Value
18101.0,405.51,3,300,135.17,4055.1,High Value
18102.0,349164.35,89,373,3923.1949438202246,4341276.751666666,VIP
18103.0,105.8,1,0,105.8,3.5266666666666664,Low Value
18106.0,1030.76,5,217,206.152,7455.830666666667,High Value
18107.0,167.13,1,0,167.13,5.571,Low Value
18108.0,577.8100000000001,2,140,288.90500000000003,2696.446666666667,High Value
18109.0,1840.99,13,156,141.61461538461538,9573.148,High Value
18110.0,199.13,1,0,199.13,6.637666666666666,Low Value
18111.0,405.85,1,0,405.85,13.528333333333334,Medium Value
18112.0,423.27,2,133,211.635,1876.497,Medium Value
18113.0,76.32000000000001,1,0,76.32000000000001,2.544,Low Value
18115.0,9.700000000000001,1,0,9.700000000000001,0.32333333333333336,Low Value
18116.0,736.27,5,35,147.254,858.9816666666667,Medium Value
18118.0,1079.4,4,11,269.85,395.78000000000003,Medium Value
18119.0,181.12,1,0,181.12,6.037333333333334,Low Value
18123.0,95.15,1,0,95.15,3.171666666666667,Low Value
18124.0,111.53,1,0,111.53,3.7176666666666667,Low Value
18127.0,212.8,1,0,212.8,7.093333333333334,Low Value
18128.0,420.04,1,0,420.04,14.001333333333333,Medium Value
18131.0,222.95999999999998,1,0,222.95999999999998,7.4319999999999995,Low Value
18132.0,226.9,1,0,226.9,7.5633333333333335,Low Value
18134.0,445.0,2,96,222.5,1424.0,Medium Value
18135.0,567.71,5,241,113.542,4560.603666666667,High Value
18136.0,847.03,2,42,423.515,1185.8419999999999,Medium Value
18137.0,145.99,2,0,72.995,4.866333333333333,Low Value
18140.0,536.41,1,0,536.41,17.880333333333333,Medium Value
18141.0,882.47,2,187,441.235,5500.729666666667,High Value
18144.0,2169.25,8,349,271.15625,25235.608333333334,VIP
18145.0,2756.2400000000002,7,349,393.74857142857144,32064.25866666667,VIP
18148.0,114.10000000000001,1,0,114.10000000000001,3.8033333333333337,Low Value
18149.0,1012.63,4,230,253.1575,7763.496666666667,High Value
18151.0,1226.09,4,225,306.5225,9195.675,High Value
18152.0,426.69,1,0,426.69,14.222999999999999,Medium Value
18153.0,246.22,1,0,246.22,8.207333333333333,Low Value
18154.0,533.41,3,102,177.8033333333333,1813.5939999999998,Medium Value
18156.0,206.23000000000002,1,0,206.23000000000002,6.874333333333333,Low Value
18157.0,215.35,1,0,215.35,7.178333333333333,Low Value
18160.0,365.82,1,0,365.82,12.193999999999999,Medium Value
18161.0,184.41,1,0,184.41,6.147,Low Value
18162.0,379.16,1,0,379.16,12.638666666666667,Medium Value
18163.0,728.84,1,0,728.84,24.294666666666668,Medium Value
18166.0,175.5,1,0,175.5,5.85,Low Value
18168.0,2600.33,11,364,236.39363636363635,31550.670666666665,VIP
18170.0,1897.69,6,325,316.2816666666667,20558.308333333334,VIP
18171.0,1206.0,4,233,301.5,9366.6,High Value
18172.0,9918.16,32,341,309.9425,112736.41866666666,VIP
18173.0,589.52,1,0,589.52,19.650666666666666,Medium Value
18174.0,58.5,1,0,58.5,1.95,Low Value
18175.0,176.1,1,0,176.1,5.87,Low Value
18177.0,875.45,3,163,291.81666666666666,4756.611666666667,High Value
18178.0,4512.93,7,257,644.7042857142858,38660.767,VIP
18179.0,754.38,2,140,377.19,3520.44,High Value
18181.0,823.14,4,335,205.785,9191.73,High Value
18182.0,291.13,1,0,291.13,9.704333333333333,Low Value
18186.0,329.58,1,0,329.58,10.985999999999999,Low Value
18187.0,724.89,1,0,724.89,24.163,Medium Value
18188.0,1279.55,3,192,426.51666666666665,8189.12,High Value
18189.0,313.49,1,0,313.49,10.449666666666667,Low Value
18190.0,461.16,3,113,153.72,1737.0359999999998,Medium Value
18191.0,321.59999999999997,1,0,321.59999999999997,10.719999999999999,Low Value
18193.0,963.59,2,61,481.795,1959.2996666666666,Medium Value
18194.0,3188.2000000000003,5,241,637.6400000000001,25611.87333333334,VIP
18195.0,101.16,1,0,101.16,3.372,Low Value
18196.0,775.18,2,161,387.59,4160.132666666666,High Value
18197.0,230.1,1,0,230.1,7.67,Low Value
18199.0,344.75,1,0,344.75,11.491666666666667,Low Value
18201.0,447.53000000000003,1,0,447.53000000000003,14.917666666666667,Medium Value
18203.0,344.0,3,349,114.66666666666667,4001.8666666666663,High Value
18206.0,314.65999999999997,1,0,314.65999999999997,10.488666666666665,Low Value
18207.0,544.47,1,0,544.47,18.149,Medium Value
18208.0,360.08,1,0,360.08,12.002666666666666,Low Value
18210.0,147.45,1,0,147.45,4.914999999999999,Low Value
18212.0,298.3,1,0,298.3,9.943333333333333,Low Value
18214.0,1780.34,4,23,445.085,1364.9273333333333,Medium Value
18215.0,1948.15,4,186,487.0375,12078.53,High Value
18217.0,323.29,2,12,161.645,129.316,Medium Value
18218.0,479.91999999999996,2,63,239.95999999999998,1007.832,Medium Value
18219.0,1493.1200000000001,8,363,186.64000000000001,18066.752,VIP
18220.0,1616.48,5,330,323.296,17781.28,VIP
18221.0,383.33,1,0,383.33,12.777666666666667,Medium Value
18223.0,7516.31,12,348,626.3591666666667,87189.19600000001,VIP
18225.0,7545.139999999999,15,369,503.0093333333333,92805.222,VIP
18226.0,6650.83,15,266,443.38866666666667,58970.69266666667,VIP
18227.0,295.0,1,0,295.0,9.833333333333334,Low Value
18229.0,3526.81,10,369,352.681,43379.763,VIP
18230.0,1480.8600000000001,2,147,740.4300000000001,7256.214000000001,High Value
18231.0,4797.7,23,292,208.59565217391304,46697.61333333333,VIP
18234.0,179.6,1,0,179.6,5.986666666666666,Low Value
18236.0,913.11,6,214,152.185,6513.518,High Value
18238.0,270.92,1,0,270.92,9.030666666666667,Low Value
18239.0,588.75,2,50,294.375,981.25,Medium Value
18241.0,913.9,4,202,228.475,6153.593333333333,High Value
18242.0,1372.72,4,252,343.18,11530.848,High Value
18243.0,515.78,1,0,515.78,17.192666666666664,Medium Value
18244.0,568.64,2,72,284.32,1364.7359999999999,Medium Value
18245.0,3757.92,13,262,289.07076923076926,32819.168000000005,VIP
18246.0,162.72,1,0,162.72,5.4239999999999995,Low Value
18247.0,839.73,3,216,279.91,6046.0560000000005,High Value
18251.0,21964.14,8,272,2745.5175,199141.536,VIP
18252.0,1015.42,5,172,203.084,5821.741333333333,High Value
18253.0,317.88,1,0,317.88,10.596,Low Value
18254.0,267.9,1,0,267.9,8.93,Low Value
18255.0,199.85,1,0,199.85,6.661666666666666,Low Value
18256.0,110.7,1,0,110.7,3.69,Low Value
18257.0,2262.52,4,212,565.63,15988.474666666665,VIP
18258.0,2059.67,6,108,343.27833333333336,7414.812000000001,High Value
18259.0,1979.6000000000001,5,365,395.92,24085.133333333335,VIP
18260.0,7318.91,17,349,430.5241176470588,85143.31966666666,VIP
18262.0,428.06,2,209,214.03,2982.1513333333332,High Value
18264.0,603.25,1,0,603.25,20.108333333333334,Medium Value
18266.0,251.1,1,0,251.1,8.37,Low Value
18267.0,269.37,1,0,269.37,8.979,Low Value
18268.0,1464.73,5,137,292.946,6688.933666666667,High Value
18269.0,168.6,1,0,168.6,5.62,Low Value
18270.0,161.4,1,0,161.4,5.38,Low Value
18271.0,680.85,2,121,340.425,2746.095,High Value
18272.0,1307.4,3,97,435.8,4227.26,High Value
18273.0,153.0,1,0,153.0,5.1,Low Value
18275.0,741.85,2,152,370.925,3758.7066666666665,High Value
18276.0,1320.66,5,336,264.132,14791.392,VIP
18277.0,1069.67,4,97,267.4175,3458.599666666667,High Value
18278.0,240.3,1,0,240.3,8.01,Low Value
18279.0,231.33999999999997,1,0,231.33999999999997,7.711333333333332,Low Value
18280.0,307.55,1,0,307.55,10.251666666666667,Low Value
18281.0,120.32,1,0,120.32,4.010666666666666,Low Value
18283.0,641.77,6,275,106.96166666666666,5882.891666666666,High Value
18284.0,461.68,1,0,461.68,15.389333333333333,Medium Value
18285.0,427.0,1,0,427.0,14.233333333333333,Medium Value
18286.0,1296.43,2,247,648.215,10673.940333333332,High Value
18287.0,2345.71,4,188,586.4275,14699.782666666666,VIP
